{
    "data": {
        "organization": {
            "auditLog": {
                "edges": [
                    {
                        "node": {
                            "action": "repo.add_member",
                            "actorLogin": "A661167",
                            "actorResourcePath": "/A661167",
                            "actorUrl": "https://github.com/A661167",
                            "createdAt": "2020-07-09T07:09:57.794Z",
                            "operationType": "CREATE",
                            "user": {
                                "email": ""
                            },
                            "userLogin": "remiparize",
                            "userResourcePath": "/remiparize",
                            "userUrl": "https://github.com/remiparize"
                        }
                    },
                    {
                        "node": {
                            "action": "org.remove_member",
                            "actorLogin": "A661167",
                            "actorResourcePath": "/A661167",
                            "actorUrl": "https://github.com/A661167",
                            "createdAt": "2020-07-09T07:07:06.528Z",
                            "operationType": "REMOVE",
                            "user": {
                                "email": ""
                            },
                            "userLogin": "Mymeric",
                            "userResourcePath": "/Mymeric",
                            "userUrl": "https://github.com/Mymeric"
                        }
                    },
                    {
                        "node": {
                            "action": "repo.add_member",
                            "actorLogin": "A661167",
                            "actorResourcePath": "/A661167",
                            "actorUrl": "https://github.com/A661167",
                            "createdAt": "2020-07-09T07:04:26.042Z",
                            "operationType": "CREATE",
                            "user": {
                                "email": ""
                            },
                            "userLogin": "Mymeric",
                            "userResourcePath": "/Mymeric",
                            "userUrl": "https://github.com/Mymeric"
                        }
                    },
                    {
                        "node": {
                            "action": "repo.add_member",
                            "actorLogin": "A661167",
                            "actorResourcePath": "/A661167",
                            "actorUrl": "https://github.com/A661167",
                            "createdAt": "2020-07-09T07:03:58.027Z",
                            "operationType": "CREATE",
                            "user": {
                                "email": ""
                            },
                            "userLogin": "Mymeric",
                            "userResourcePath": "/Mymeric",
                            "userUrl": "https://github.com/Mymeric"
                        }
                    },
                    {
                        "node": {
                            "action": "repo.add_member",
                            "actorLogin": "A661167",
                            "actorResourcePath": "/A661167",
                            "actorUrl": "https://github.com/A661167",
                            "createdAt": "2020-07-09T07:01:11.020Z",
                            "operationType": "CREATE",
                            "user": {
                                "email": ""
                            },
                            "userLogin": "Mymeric",
                            "userResourcePath": "/Mymeric",
                            "userUrl": "https://github.com/Mymeric"
                        }
                    },
                    {
                        "node": {
                            "action": "repo.add_member",
                            "actorLogin": "A661167",
                            "actorResourcePath": "/A661167",
                            "actorUrl": "https://github.com/A661167",
                            "createdAt": "2020-07-09T07:00:44.988Z",
                            "operationType": "CREATE",
                            "user": {
                                "email": ""
                            },
                            "userLogin": "Mymeric",
                            "userResourcePath": "/Mymeric",
                            "userUrl": "https://github.com/Mymeric"
                        }
                    },
                    {
                        "node": {
                            "action": "repo.add_member",
                            "actorLogin": "A661167",
                            "actorResourcePath": "/A661167",
                            "actorUrl": "https://github.com/A661167",
                            "createdAt": "2020-07-09T06:57:06.378Z",
                            "operationType": "CREATE",
                            "user": {
                                "email": ""
                            },
                            "userLogin": "Mymeric",
                            "userResourcePath": "/Mymeric",
                            "userUrl": "https://github.com/Mymeric"
                        }
                    },
                    {
                        "node": {
                            "action": "repo.add_member",
                            "actorLogin": "A661167",
                            "actorResourcePath": "/A661167",
                            "actorUrl": "https://github.com/A661167",
                            "createdAt": "2020-07-09T06:56:35.448Z",
                            "operationType": "CREATE",
                            "user": {
                                "email": ""
                            },
                            "userLogin": "Mymeric",
                            "userResourcePath": "/Mymeric",
                            "userUrl": "https://github.com/Mymeric"
                        }
                    },
                    {
                        "node": {
                            "action": "repo.add_member",
                            "actorLogin": "A661167",
                            "actorResourcePath": "/A661167",
                            "actorUrl": "https://github.com/A661167",
                            "createdAt": "2020-07-09T06:54:39.318Z",
                            "operationType": "CREATE",
                            "user": {
                                "email": ""
                            },
                            "userLogin": "Mymeric",
                            "userResourcePath": "/Mymeric",
                            "userUrl": "https://github.com/Mymeric"
                        }
                    },
                    {
                        "node": {
                            "action": "repo.add_member",
                            "actorLogin": "A661167",
                            "actorResourcePath": "/A661167",
                            "actorUrl": "https://github.com/A661167",
                            "createdAt": "2020-07-09T06:53:46.189Z",
                            "operationType": "CREATE",
                            "user": {
                                "email": ""
                            },
                            "userLogin": "Mymeric",
                            "userResourcePath": "/Mymeric",
                            "userUrl": "https://github.com/Mymeric"
                        }
                    },
                    {
                        "node": {
                            "action": "org.oauth_app_access_approved",
                            "actorLogin": "wintushar09",
                            "actorResourcePath": "/wintushar09",
                            "actorUrl": "https://github.com/wintushar09",
                            "createdAt": "2020-07-08T06:32:28.662Z",
                            "operationType": "MODIFY",
                            "user": null,
                            "userLogin": null,
                            "userResourcePath": null,
                            "userUrl": null
                        }
                    },
                    {
                        "node": {
                            "action": "org.add_member",
                            "actorLogin": "A661167",
                            "actorResourcePath": "/A661167",
                            "actorUrl": "https://github.com/A661167",
                            "createdAt": "2020-07-07T12:18:40.814Z",
                            "operationType": "CREATE",
                            "user": {
                                "email": "wintushar09@gmail.com"
                            },
                            "userLogin": "wintushar09",
                            "userResourcePath": "/wintushar09",
                            "userUrl": "https://github.com/wintushar09"
                        }
                    },
                    {
                        "node": {
                            "action": "org.invite_member",
                            "actorLogin": "A661167",
                            "actorResourcePath": "/A661167",
                            "actorUrl": "https://github.com/A661167",
                            "createdAt": "2020-07-07T12:14:51.207Z",
                            "operationType": "CREATE",
                            "user": {
                                "email": "wintushar09@gmail.com"
                            },
                            "userLogin": "wintushar09",
                            "userResourcePath": "/wintushar09",
                            "userUrl": "https://github.com/wintushar09"
                        }
                    },
                    {
                        "node": {
                            "action": "org.restore_member",
                            "actorLogin": "A661167",
                            "actorResourcePath": "/A661167",
                            "actorUrl": "https://github.com/A661167",
                            "createdAt": "2020-07-07T06:47:42.817Z",
                            "operationType": "RESTORE",
                            "user": {
                                "email": ""
                            },
                            "userLogin": "remiparize",
                            "userResourcePath": "/remiparize",
                            "userUrl": "https://github.com/remiparize"
                        }
                    },
                    {
                        "node": {
                            "action": "org.add_member",
                            "actorLogin": "A661167",
                            "actorResourcePath": "/A661167",
                            "actorUrl": "https://github.com/A661167",
                            "createdAt": "2020-07-07T06:47:42.218Z",
                            "operationType": "CREATE",
                            "user": {
                                "email": ""
                            },
                            "userLogin": "remiparize",
                            "userResourcePath": "/remiparize",
                            "userUrl": "https://github.com/remiparize"
                        }
                    },
                    {
                        "node": {
                            "action": "org.restore_member",
                            "actorLogin": "A661167",
                            "actorResourcePath": "/A661167",
                            "actorUrl": "https://github.com/A661167",
                            "createdAt": "2020-07-06T12:41:42.048Z",
                            "operationType": "RESTORE",
                            "user": {
                                "email": ""
                            },
                            "userLogin": "Mymeric",
                            "userResourcePath": "/Mymeric",
                            "userUrl": "https://github.com/Mymeric"
                        }
                    },
                    {
                        "node": {
                            "action": "org.add_member",
                            "actorLogin": "A661167",
                            "actorResourcePath": "/A661167",
                            "actorUrl": "https://github.com/A661167",
                            "createdAt": "2020-07-06T12:41:31.778Z",
                            "operationType": "CREATE",
                            "user": {
                                "email": ""
                            },
                            "userLogin": "Mymeric",
                            "userResourcePath": "/Mymeric",
                            "userUrl": "https://github.com/Mymeric"
                        }
                    },
                    {
                        "node": {
                            "action": "org.restore_member",
                            "actorLogin": "A661167",
                            "actorResourcePath": "/A661167",
                            "actorUrl": "https://github.com/A661167",
                            "createdAt": "2020-07-06T11:21:45.828Z",
                            "operationType": "RESTORE",
                            "user": {
                                "email": ""
                            },
                            "userLogin": "Alexmarat",
                            "userResourcePath": "/Alexmarat",
                            "userUrl": "https://github.com/Alexmarat"
                        }
                    },
                    {
                        "node": {
                            "action": "org.add_member",
                            "actorLogin": "A661167",
                            "actorResourcePath": "/A661167",
                            "actorUrl": "https://github.com/A661167",
                            "createdAt": "2020-07-06T11:21:45.561Z",
                            "operationType": "CREATE",
                            "user": {
                                "email": ""
                            },
                            "userLogin": "Alexmarat",
                            "userResourcePath": "/Alexmarat",
                            "userUrl": "https://github.com/Alexmarat"
                        }
                    },
                    {
                        "node": {
                            "action": "org.restore_member",
                            "actorLogin": "A661167",
                            "actorResourcePath": "/A661167",
                            "actorUrl": "https://github.com/A661167",
                            "createdAt": "2020-07-06T09:45:18.657Z",
                            "operationType": "RESTORE",
                            "user": {
                                "email": ""
                            },
                            "userLogin": "AKHELIFI",
                            "userResourcePath": "/AKHELIFI",
                            "userUrl": "https://github.com/AKHELIFI"
                        }
                    },
                    {
                        "node": {
                            "action": "org.add_member",
                            "actorLogin": "A661167",
                            "actorResourcePath": "/A661167",
                            "actorUrl": "https://github.com/A661167",
                            "createdAt": "2020-07-06T09:45:18.402Z",
                            "operationType": "CREATE",
                            "user": {
                                "email": ""
                            },
                            "userLogin": "AKHELIFI",
                            "userResourcePath": "/AKHELIFI",
                            "userUrl": "https://github.com/AKHELIFI"
                        }
                    },
                    {
                        "node": {
                            "action": "org.restore_member",
                            "actorLogin": "A661167",
                            "actorResourcePath": "/A661167",
                            "actorUrl": "https://github.com/A661167",
                            "createdAt": "2020-07-06T09:37:29.563Z",
                            "operationType": "RESTORE",
                            "user": {
                                "email": ""
                            },
                            "userLogin": "bourliam",
                            "userResourcePath": "/bourliam",
                            "userUrl": "https://github.com/bourliam"
                        }
                    },
                    {
                        "node": {
                            "action": "org.add_member",
                            "actorLogin": "A661167",
                            "actorResourcePath": "/A661167",
                            "actorUrl": "https://github.com/A661167",
                            "createdAt": "2020-07-06T09:37:24.021Z",
                            "operationType": "CREATE",
                            "user": {
                                "email": ""
                            },
                            "userLogin": "bourliam",
                            "userResourcePath": "/bourliam",
                            "userUrl": "https://github.com/bourliam"
                        }
                    },
                    {
                        "node": {
                            "action": "org.invite_member",
                            "actorLogin": "A661167",
                            "actorResourcePath": "/A661167",
                            "actorUrl": "https://github.com/A661167",
                            "createdAt": "2020-07-06T09:28:08.043Z",
                            "operationType": "CREATE",
                            "user": {
                                "email": ""
                            },
                            "userLogin": "sigfridhoffmann",
                            "userResourcePath": "/sigfridhoffmann",
                            "userUrl": "https://github.com/sigfridhoffmann"
                        }
                    },
                    {
                        "node": {
                            "action": "org.invite_member",
                            "actorLogin": "A661167",
                            "actorResourcePath": "/A661167",
                            "actorUrl": "https://github.com/A661167",
                            "createdAt": "2020-07-06T09:26:16.624Z",
                            "operationType": "CREATE",
                            "user": {
                                "email": ""
                            },
                            "userLogin": "remiparize",
                            "userResourcePath": "/remiparize",
                            "userUrl": "https://github.com/remiparize"
                        }
                    },
                    {
                        "node": {
                            "action": "org.invite_member",
                            "actorLogin": "A661167",
                            "actorResourcePath": "/A661167",
                            "actorUrl": "https://github.com/A661167",
                            "createdAt": "2020-07-06T09:25:46.708Z",
                            "operationType": "CREATE",
                            "user": {
                                "email": ""
                            },
                            "userLogin": "Mymeric",
                            "userResourcePath": "/Mymeric",
                            "userUrl": "https://github.com/Mymeric"
                        }
                    },
                    {
                        "node": {
                            "action": "org.invite_member",
                            "actorLogin": "A661167",
                            "actorResourcePath": "/A661167",
                            "actorUrl": "https://github.com/A661167",
                            "createdAt": "2020-07-06T09:22:19.976Z",
                            "operationType": "CREATE",
                            "user": {
                                "email": ""
                            },
                            "userLogin": "bourliam",
                            "userResourcePath": "/bourliam",
                            "userUrl": "https://github.com/bourliam"
                        }
                    },
                    {
                        "node": {
                            "action": "org.invite_member",
                            "actorLogin": "A661167",
                            "actorResourcePath": "/A661167",
                            "actorUrl": "https://github.com/A661167",
                            "createdAt": "2020-07-06T09:21:41.134Z",
                            "operationType": "CREATE",
                            "user": {
                                "email": ""
                            },
                            "userLogin": "Alexmarat",
                            "userResourcePath": "/Alexmarat",
                            "userUrl": "https://github.com/Alexmarat"
                        }
                    },
                    {
                        "node": {
                            "action": "org.invite_member",
                            "actorLogin": "A661167",
                            "actorResourcePath": "/A661167",
                            "actorUrl": "https://github.com/A661167",
                            "createdAt": "2020-07-06T09:21:01.713Z",
                            "operationType": "CREATE",
                            "user": {
                                "email": ""
                            },
                            "userLogin": "AKHELIFI",
                            "userResourcePath": "/AKHELIFI",
                            "userUrl": "https://github.com/AKHELIFI"
                        }
                    },
                    {
                        "node": {
                            "action": "org.oauth_app_access_approved",
                            "actorLogin": "xrafhue",
                            "actorResourcePath": "/xrafhue",
                            "actorUrl": "https://github.com/xrafhue",
                            "createdAt": "2020-07-06T07:22:16.223Z",
                            "operationType": "MODIFY",
                            "user": null,
                            "userLogin": null,
                            "userResourcePath": null,
                            "userUrl": null
                        }
                    },
                    {
                        "node": {
                            "action": "org.remove_member",
                            "actorLogin": "A661167",
                            "actorResourcePath": "/A661167",
                            "actorUrl": "https://github.com/A661167",
                            "createdAt": "2020-07-06T06:17:29.693Z",
                            "operationType": "REMOVE",
                            "user": {
                                "email": ""
                            },
                            "userLogin": "AKHELIFI",
                            "userResourcePath": "/AKHELIFI",
                            "userUrl": "https://github.com/AKHELIFI"
                        }
                    },
                    {
                        "node": {
                            "action": "org.remove_member",
                            "actorLogin": "A661167",
                            "actorResourcePath": "/A661167",
                            "actorUrl": "https://github.com/A661167",
                            "createdAt": "2020-07-06T06:17:29.607Z",
                            "operationType": "REMOVE",
                            "user": {
                                "email": ""
                            },
                            "userLogin": "Alexmarat",
                            "userResourcePath": "/Alexmarat",
                            "userUrl": "https://github.com/Alexmarat"
                        }
                    },
                    {
                        "node": {
                            "action": "org.remove_member",
                            "actorLogin": "A661167",
                            "actorResourcePath": "/A661167",
                            "actorUrl": "https://github.com/A661167",
                            "createdAt": "2020-07-06T06:17:29.576Z",
                            "operationType": "REMOVE",
                            "user": {
                                "email": ""
                            },
                            "userLogin": "bourliam",
                            "userResourcePath": "/bourliam",
                            "userUrl": "https://github.com/bourliam"
                        }
                    },
                    {
                        "node": {
                            "action": "org.invite_member",
                            "actorLogin": "A661167",
                            "actorResourcePath": "/A661167",
                            "actorUrl": "https://github.com/A661167",
                            "createdAt": "2020-07-03T11:57:19.289Z",
                            "operationType": "CREATE",
                            "user": null,
                            "userLogin": null,
                            "userResourcePath": null,
                            "userUrl": null
                        }
                    },
                    {
                        "node": {
                            "action": "org.invite_member",
                            "actorLogin": "A661167",
                            "actorResourcePath": "/A661167",
                            "actorUrl": "https://github.com/A661167",
                            "createdAt": "2020-07-03T11:57:19.141Z",
                            "operationType": "CREATE",
                            "user": null,
                            "userLogin": null,
                            "userResourcePath": null,
                            "userUrl": null
                        }
                    },
                    {
                        "node": {
                            "action": "org.invite_member",
                            "actorLogin": "A661167",
                            "actorResourcePath": "/A661167",
                            "actorUrl": "https://github.com/A661167",
                            "createdAt": "2020-07-03T11:40:21.317Z",
                            "operationType": "CREATE",
                            "user": {
                                "email": "wintushar09@gmail.com"
                            },
                            "userLogin": "wintushar09",
                            "userResourcePath": "/wintushar09",
                            "userUrl": "https://github.com/wintushar09"
                        }
                    },
                    {
                        "node": {
                            "action": "org.restore_member",
                            "actorLogin": "DrissiReda",
                            "actorResourcePath": "/DrissiReda",
                            "actorUrl": "https://github.com/DrissiReda",
                            "createdAt": "2020-07-02T17:51:11.527Z",
                            "operationType": "RESTORE",
                            "user": {
                                "email": ""
                            },
                            "userLogin": "RodolpheRousselet",
                            "userResourcePath": "/RodolpheRousselet",
                            "userUrl": "https://github.com/RodolpheRousselet"
                        }
                    },
                    {
                        "node": {
                            "action": "team.add_member",
                            "actorLogin": "DrissiReda",
                            "actorResourcePath": "/DrissiReda",
                            "actorUrl": "https://github.com/DrissiReda",
                            "createdAt": "2020-07-02T17:51:11.371Z",
                            "operationType": "CREATE",
                            "user": {
                                "email": ""
                            },
                            "userLogin": "RodolpheRousselet",
                            "userResourcePath": "/RodolpheRousselet",
                            "userUrl": "https://github.com/RodolpheRousselet"
                        }
                    },
                    {
                        "node": {
                            "action": "org.add_member",
                            "actorLogin": "DrissiReda",
                            "actorResourcePath": "/DrissiReda",
                            "actorUrl": "https://github.com/DrissiReda",
                            "createdAt": "2020-07-02T17:51:11.105Z",
                            "operationType": "CREATE",
                            "user": {
                                "email": ""
                            },
                            "userLogin": "RodolpheRousselet",
                            "userResourcePath": "/RodolpheRousselet",
                            "userUrl": "https://github.com/RodolpheRousselet"
                        }
                    },
                    {
                        "node": {
                            "action": "org.invite_member",
                            "actorLogin": "DrissiReda",
                            "actorResourcePath": "/DrissiReda",
                            "actorUrl": "https://github.com/DrissiReda",
                            "createdAt": "2020-07-02T17:49:52.398Z",
                            "operationType": "CREATE",
                            "user": {
                                "email": ""
                            },
                            "userLogin": "RodolpheRousselet",
                            "userResourcePath": "/RodolpheRousselet",
                            "userUrl": "https://github.com/RodolpheRousselet"
                        }
                    },
                    {
                        "node": {
                            "action": "org.invite_member",
                            "actorLogin": "DrissiReda",
                            "actorResourcePath": "/DrissiReda",
                            "actorUrl": "https://github.com/DrissiReda",
                            "createdAt": "2020-07-02T17:48:30.747Z",
                            "operationType": "CREATE",
                            "user": null,
                            "userLogin": null,
                            "userResourcePath": null,
                            "userUrl": null
                        }
                    },
                    {
                        "node": {
                            "action": "team.remove_member",
                            "actorLogin": "A661167",
                            "actorResourcePath": "/A661167",
                            "actorUrl": "https://github.com/A661167",
                            "createdAt": "2020-07-02T13:28:28.663Z",
                            "operationType": "REMOVE",
                            "user": {
                                "email": ""
                            },
                            "userLogin": "RodolpheRousselet",
                            "userResourcePath": "/RodolpheRousselet",
                            "userUrl": "https://github.com/RodolpheRousselet"
                        }
                    },
                    {
                        "node": {
                            "action": "org.remove_member",
                            "actorLogin": "A661167",
                            "actorResourcePath": "/A661167",
                            "actorUrl": "https://github.com/A661167",
                            "createdAt": "2020-07-02T13:28:28.639Z",
                            "operationType": "REMOVE",
                            "user": {
                                "email": ""
                            },
                            "userLogin": "remiparize",
                            "userResourcePath": "/remiparize",
                            "userUrl": "https://github.com/remiparize"
                        }
                    },
                    {
                        "node": {
                            "action": "org.remove_member",
                            "actorLogin": "A661167",
                            "actorResourcePath": "/A661167",
                            "actorUrl": "https://github.com/A661167",
                            "createdAt": "2020-07-02T13:28:28.576Z",
                            "operationType": "REMOVE",
                            "user": {
                                "email": ""
                            },
                            "userLogin": "sigfridhoffmann",
                            "userResourcePath": "/sigfridhoffmann",
                            "userUrl": "https://github.com/sigfridhoffmann"
                        }
                    },
                    {
                        "node": {
                            "action": "org.remove_member",
                            "actorLogin": "A661167",
                            "actorResourcePath": "/A661167",
                            "actorUrl": "https://github.com/A661167",
                            "createdAt": "2020-07-02T13:28:28.524Z",
                            "operationType": "REMOVE",
                            "user": {
                                "email": ""
                            },
                            "userLogin": "RodolpheRousselet",
                            "userResourcePath": "/RodolpheRousselet",
                            "userUrl": "https://github.com/RodolpheRousselet"
                        }
                    },
                    {
                        "node": {
                            "action": "org.remove_member",
                            "actorLogin": "A661167",
                            "actorResourcePath": "/A661167",
                            "actorUrl": "https://github.com/A661167",
                            "createdAt": "2020-07-02T13:28:28.462Z",
                            "operationType": "REMOVE",
                            "user": {
                                "email": ""
                            },
                            "userLogin": "Mymeric",
                            "userResourcePath": "/Mymeric",
                            "userUrl": "https://github.com/Mymeric"
                        }
                    },
                    {
                        "node": {
                            "action": "org.add_member",
                            "actorLogin": "A163356",
                            "actorResourcePath": "/A163356",
                            "actorUrl": "https://github.com/A163356",
                            "createdAt": "2020-07-02T10:44:25.810Z",
                            "operationType": "CREATE",
                            "user": {
                                "email": ""
                            },
                            "userLogin": "A661167",
                            "userResourcePath": "/A661167",
                            "userUrl": "https://github.com/A661167"
                        }
                    },
                    {
                        "node": {
                            "action": "org.invite_member",
                            "actorLogin": "A163356",
                            "actorResourcePath": "/A163356",
                            "actorUrl": "https://github.com/A163356",
                            "createdAt": "2020-07-02T10:43:11.185Z",
                            "operationType": "CREATE",
                            "user": {
                                "email": ""
                            },
                            "userLogin": "A661167",
                            "userResourcePath": "/A661167",
                            "userUrl": "https://github.com/A661167"
                        }
                    },
                    {
                        "node": {
                            "action": "org.add_member",
                            "actorLogin": "AnisBkd",
                            "actorResourcePath": "/AnisBkd",
                            "actorUrl": "https://github.com/AnisBkd",
                            "createdAt": "2020-07-02T08:04:40.549Z",
                            "operationType": "CREATE",
                            "user": {
                                "email": ""
                            },
                            "userLogin": "Alexmarat",
                            "userResourcePath": "/Alexmarat",
                            "userUrl": "https://github.com/Alexmarat"
                        }
                    },
                    {
                        "node": {
                            "action": "repo.destroy",
                            "actorLogin": "RodolpheRousselet",
                            "actorResourcePath": "/RodolpheRousselet",
                            "actorUrl": "https://github.com/RodolpheRousselet",
                            "createdAt": "2020-07-02T06:40:08.414Z",
                            "operationType": "REMOVE",
                            "user": null,
                            "userLogin": null,
                            "userResourcePath": null,
                            "userUrl": null
                        }
                    },
                    {
                        "node": {
                            "action": "org.add_member",
                            "actorLogin": "AnisBkd",
                            "actorResourcePath": "/AnisBkd",
                            "actorUrl": "https://github.com/AnisBkd",
                            "createdAt": "2020-07-01T14:48:13.654Z",
                            "operationType": "CREATE",
                            "user": {
                                "email": ""
                            },
                            "userLogin": "eusebekanani",
                            "userResourcePath": "/eusebekanani",
                            "userUrl": "https://github.com/eusebekanani"
                        }
                    },
                    {
                        "node": {
                            "action": "org.invite_member",
                            "actorLogin": "AnisBkd",
                            "actorResourcePath": "/AnisBkd",
                            "actorUrl": "https://github.com/AnisBkd",
                            "createdAt": "2020-07-01T14:47:28.175Z",
                            "operationType": "CREATE",
                            "user": null,
                            "userLogin": null,
                            "userResourcePath": null,
                            "userUrl": null
                        }
                    },
                    {
                        "node": {
                            "action": "org.remove_member",
                            "actorLogin": "euskanani",
                            "actorResourcePath": "/euskanani",
                            "actorUrl": "https://github.com/euskanani",
                            "createdAt": "2020-07-01T14:37:36.384Z",
                            "operationType": "REMOVE",
                            "user": {
                                "email": ""
                            },
                            "userLogin": "euskanani",
                            "userResourcePath": "/euskanani",
                            "userUrl": "https://github.com/euskanani"
                        }
                    },
                    {
                        "node": {
                            "action": "org.add_member",
                            "actorLogin": "AnisBkd",
                            "actorResourcePath": "/AnisBkd",
                            "actorUrl": "https://github.com/AnisBkd",
                            "createdAt": "2020-07-01T14:33:51.061Z",
                            "operationType": "CREATE",
                            "user": {
                                "email": ""
                            },
                            "userLogin": "euskanani",
                            "userResourcePath": "/euskanani",
                            "userUrl": "https://github.com/euskanani"
                        }
                    },
                    {
                        "node": {
                            "action": "org.add_member",
                            "actorLogin": "AnisBkd",
                            "actorResourcePath": "/AnisBkd",
                            "actorUrl": "https://github.com/AnisBkd",
                            "createdAt": "2020-07-01T14:17:48.554Z",
                            "operationType": "CREATE",
                            "user": {
                                "email": ""
                            },
                            "userLogin": "SalimaAMRIOUT",
                            "userResourcePath": "/SalimaAMRIOUT",
                            "userUrl": "https://github.com/SalimaAMRIOUT"
                        }
                    },
                    {
                        "node": {
                            "action": "org.invite_member",
                            "actorLogin": "AnisBkd",
                            "actorResourcePath": "/AnisBkd",
                            "actorUrl": "https://github.com/AnisBkd",
                            "createdAt": "2020-07-01T14:01:10.037Z",
                            "operationType": "CREATE",
                            "user": null,
                            "userLogin": null,
                            "userResourcePath": null,
                            "userUrl": null
                        }
                    },
                    {
                        "node": {
                            "action": "org.invite_member",
                            "actorLogin": "AnisBkd",
                            "actorResourcePath": "/AnisBkd",
                            "actorUrl": "https://github.com/AnisBkd",
                            "createdAt": "2020-07-01T14:00:55.473Z",
                            "operationType": "CREATE",
                            "user": null,
                            "userLogin": null,
                            "userResourcePath": null,
                            "userUrl": null
                        }
                    },
                    {
                        "node": {
                            "action": "org.invite_member",
                            "actorLogin": "AnisBkd",
                            "actorResourcePath": "/AnisBkd",
                            "actorUrl": "https://github.com/AnisBkd",
                            "createdAt": "2020-07-01T14:00:39.043Z",
                            "operationType": "CREATE",
                            "user": null,
                            "userLogin": null,
                            "userResourcePath": null,
                            "userUrl": null
                        }
                    },
                    {
                        "node": {
                            "action": "org.invite_member",
                            "actorLogin": "AnisBkd",
                            "actorResourcePath": "/AnisBkd",
                            "actorUrl": "https://github.com/AnisBkd",
                            "createdAt": "2020-07-01T13:59:55.860Z",
                            "operationType": "CREATE",
                            "user": null,
                            "userLogin": null,
                            "userResourcePath": null,
                            "userUrl": null
                        }
                    },
                    {
                        "node": {
                            "action": "repo.create",
                            "actorLogin": "AnisBkd",
                            "actorResourcePath": "/AnisBkd",
                            "actorUrl": "https://github.com/AnisBkd",
                            "createdAt": "2020-07-01T09:36:51.001Z",
                            "operationType": "CREATE",
                            "user": null,
                            "userLogin": null,
                            "userResourcePath": null,
                            "userUrl": null
                        }
                    },
                    {
                        "node": {
                            "action": "repo.create",
                            "actorLogin": "AnisBkd",
                            "actorResourcePath": "/AnisBkd",
                            "actorUrl": "https://github.com/AnisBkd",
                            "createdAt": "2020-07-01T09:25:57.518Z",
                            "operationType": "CREATE",
                            "user": null,
                            "userLogin": null,
                            "userResourcePath": null,
                            "userUrl": null
                        }
                    },
                    {
                        "node": {
                            "action": "repo.create",
                            "actorLogin": "AnisBkd",
                            "actorResourcePath": "/AnisBkd",
                            "actorUrl": "https://github.com/AnisBkd",
                            "createdAt": "2020-07-01T09:03:50.116Z",
                            "operationType": "CREATE",
                            "user": null,
                            "userLogin": null,
                            "userResourcePath": null,
                            "userUrl": null
                        }
                    },
                    {
                        "node": {
                            "action": "org.update_member",
                            "actorLogin": "xrafhue",
                            "actorResourcePath": "/xrafhue",
                            "actorUrl": "https://github.com/xrafhue",
                            "createdAt": "2020-07-01T07:52:56.926Z",
                            "operationType": "MODIFY",
                            "user": {
                                "email": ""
                            },
                            "userLogin": "zianitay",
                            "userResourcePath": "/zianitay",
                            "userUrl": "https://github.com/zianitay"
                        }
                    },
                    {
                        "node": {
                            "action": "org.add_member",
                            "actorLogin": "xrafhue",
                            "actorResourcePath": "/xrafhue",
                            "actorUrl": "https://github.com/xrafhue",
                            "createdAt": "2020-07-01T07:45:47.849Z",
                            "operationType": "CREATE",
                            "user": {
                                "email": ""
                            },
                            "userLogin": "AnisBkd",
                            "userResourcePath": "/AnisBkd",
                            "userUrl": "https://github.com/AnisBkd"
                        }
                    },
                    {
                        "node": {
                            "action": "org.invite_member",
                            "actorLogin": "xrafhue",
                            "actorResourcePath": "/xrafhue",
                            "actorUrl": "https://github.com/xrafhue",
                            "createdAt": "2020-07-01T07:43:42.595Z",
                            "operationType": "CREATE",
                            "user": null,
                            "userLogin": null,
                            "userResourcePath": null,
                            "userUrl": null
                        }
                    },
                    {
                        "node": {
                            "action": "repo.access",
                            "actorLogin": "DrissiReda",
                            "actorResourcePath": "/DrissiReda",
                            "actorUrl": "https://github.com/DrissiReda",
                            "createdAt": "2020-06-24T08:25:37.357Z",
                            "operationType": "MODIFY",
                            "user": null,
                            "userLogin": null,
                            "userResourcePath": null,
                            "userUrl": null
                        }
                    },
                    {
                        "node": {
                            "action": "repo.access",
                            "actorLogin": "DrissiReda",
                            "actorResourcePath": "/DrissiReda",
                            "actorUrl": "https://github.com/DrissiReda",
                            "createdAt": "2020-06-24T08:24:43.216Z",
                            "operationType": "MODIFY",
                            "user": null,
                            "userLogin": null,
                            "userResourcePath": null,
                            "userUrl": null
                        }
                    },
                    {
                        "node": {
                            "action": "repo.create",
                            "actorLogin": "DrissiReda",
                            "actorResourcePath": "/DrissiReda",
                            "actorUrl": "https://github.com/DrissiReda",
                            "createdAt": "2020-06-23T15:22:03.014Z",
                            "operationType": "CREATE",
                            "user": null,
                            "userLogin": null,
                            "userResourcePath": null,
                            "userUrl": null
                        }
                    },
                    {
                        "node": {
                            "action": "repo.create",
                            "actorLogin": "DrissiReda",
                            "actorResourcePath": "/DrissiReda",
                            "actorUrl": "https://github.com/DrissiReda",
                            "createdAt": "2020-06-23T15:21:06.849Z",
                            "operationType": "CREATE",
                            "user": null,
                            "userLogin": null,
                            "userResourcePath": null,
                            "userUrl": null
                        }
                    },
                    {
                        "node": {
                            "action": "org.add_member",
                            "actorLogin": "RodolpheRousselet",
                            "actorResourcePath": "/RodolpheRousselet",
                            "actorUrl": "https://github.com/RodolpheRousselet",
                            "createdAt": "2020-06-20T21:14:14.252Z",
                            "operationType": "CREATE",
                            "user": {
                                "email": ""
                            },
                            "userLogin": "AKHELIFI",
                            "userResourcePath": "/AKHELIFI",
                            "userUrl": "https://github.com/AKHELIFI"
                        }
                    },
                    {
                        "node": {
                            "action": "org.invite_member",
                            "actorLogin": "RodolpheRousselet",
                            "actorResourcePath": "/RodolpheRousselet",
                            "actorUrl": "https://github.com/RodolpheRousselet",
                            "createdAt": "2020-06-19T16:14:41.063Z",
                            "operationType": "CREATE",
                            "user": null,
                            "userLogin": null,
                            "userResourcePath": null,
                            "userUrl": null
                        }
                    },
                    {
                        "node": {
                            "action": "org.add_member",
                            "actorLogin": "RodolpheRousselet",
                            "actorResourcePath": "/RodolpheRousselet",
                            "actorUrl": "https://github.com/RodolpheRousselet",
                            "createdAt": "2020-06-19T11:55:14.971Z",
                            "operationType": "CREATE",
                            "user": {
                                "email": ""
                            },
                            "userLogin": "xrafhue",
                            "userResourcePath": "/xrafhue",
                            "userUrl": "https://github.com/xrafhue"
                        }
                    },
                    {
                        "node": {
                            "action": "org.invite_member",
                            "actorLogin": "RodolpheRousselet",
                            "actorResourcePath": "/RodolpheRousselet",
                            "actorUrl": "https://github.com/RodolpheRousselet",
                            "createdAt": "2020-06-19T10:39:10.896Z",
                            "operationType": "CREATE",
                            "user": null,
                            "userLogin": null,
                            "userResourcePath": null,
                            "userUrl": null
                        }
                    },
                    {
                        "node": {
                            "action": "repo.destroy",
                            "actorLogin": "damienorset",
                            "actorResourcePath": "/damienorset",
                            "actorUrl": "https://github.com/damienorset",
                            "createdAt": "2020-06-18T12:18:52.291Z",
                            "operationType": "REMOVE",
                            "user": null,
                            "userLogin": null,
                            "userResourcePath": null,
                            "userUrl": null
                        }
                    },
                    {
                        "node": {
                            "action": "repo.destroy",
                            "actorLogin": "damienorset",
                            "actorResourcePath": "/damienorset",
                            "actorUrl": "https://github.com/damienorset",
                            "createdAt": "2020-06-18T12:18:06.694Z",
                            "operationType": "REMOVE",
                            "user": null,
                            "userLogin": null,
                            "userResourcePath": null,
                            "userUrl": null
                        }
                    },
                    {
                        "node": {
                            "action": "repo.add_member",
                            "actorLogin": "Ivan-Atalante",
                            "actorResourcePath": "/Ivan-Atalante",
                            "actorUrl": "https://github.com/Ivan-Atalante",
                            "createdAt": "2020-06-11T07:23:02.732Z",
                            "operationType": "CREATE",
                            "user": {
                                "email": ""
                            },
                            "userLogin": "afb2110",
                            "userResourcePath": "/afb2110",
                            "userUrl": "https://github.com/afb2110"
                        }
                    },
                    {
                        "node": {
                            "action": "repo.add_member",
                            "actorLogin": "Ivan-Atalante",
                            "actorResourcePath": "/Ivan-Atalante",
                            "actorUrl": "https://github.com/Ivan-Atalante",
                            "createdAt": "2020-06-09T10:25:41.622Z",
                            "operationType": "CREATE",
                            "user": {
                                "email": ""
                            },
                            "userLogin": "RomainVONA",
                            "userResourcePath": "/RomainVONA",
                            "userUrl": "https://github.com/RomainVONA"
                        }
                    },
                    {
                        "node": {
                            "action": "org.oauth_app_access_approved",
                            "actorLogin": "Ivan-Atalante",
                            "actorResourcePath": "/Ivan-Atalante",
                            "actorUrl": "https://github.com/Ivan-Atalante",
                            "createdAt": "2020-05-29T16:32:55.906Z",
                            "operationType": "MODIFY",
                            "user": null,
                            "userLogin": null,
                            "userResourcePath": null,
                            "userUrl": null
                        }
                    },
                    {
                        "node": {
                            "action": "org.update_member",
                            "actorLogin": "RodolpheRousselet",
                            "actorResourcePath": "/RodolpheRousselet",
                            "actorUrl": "https://github.com/RodolpheRousselet",
                            "createdAt": "2020-05-28T18:52:20.488Z",
                            "operationType": "MODIFY",
                            "user": {
                                "email": "reda.drissi@yahoo.fr"
                            },
                            "userLogin": "DrissiReda",
                            "userResourcePath": "/DrissiReda",
                            "userUrl": "https://github.com/DrissiReda"
                        }
                    },
                    {
                        "node": {
                            "action": "org.add_member",
                            "actorLogin": "alexginsca",
                            "actorResourcePath": "/alexginsca",
                            "actorUrl": "https://github.com/alexginsca",
                            "createdAt": "2020-05-28T09:32:59.704Z",
                            "operationType": "CREATE",
                            "user": {
                                "email": ""
                            },
                            "userLogin": "ManalC",
                            "userResourcePath": "/ManalC",
                            "userUrl": "https://github.com/ManalC"
                        }
                    },
                    {
                        "node": {
                            "action": "org.invite_member",
                            "actorLogin": "alexginsca",
                            "actorResourcePath": "/alexginsca",
                            "actorUrl": "https://github.com/alexginsca",
                            "createdAt": "2020-05-28T09:32:15.114Z",
                            "operationType": "CREATE",
                            "user": null,
                            "userLogin": null,
                            "userResourcePath": null,
                            "userUrl": null
                        }
                    },
                    {
                        "node": {
                            "action": "repo.create",
                            "actorLogin": "DrissiReda",
                            "actorResourcePath": "/DrissiReda",
                            "actorUrl": "https://github.com/DrissiReda",
                            "createdAt": "2020-05-26T10:57:01.529Z",
                            "operationType": "CREATE",
                            "user": null,
                            "userLogin": null,
                            "userResourcePath": null,
                            "userUrl": null
                        }
                    },
                    {
                        "node": {
                            "action": "repo.add_member",
                            "actorLogin": "CNSJ-FRANCE",
                            "actorResourcePath": "/CNSJ-FRANCE",
                            "actorUrl": "https://github.com/CNSJ-FRANCE",
                            "createdAt": "2020-05-26T10:57:01.227Z",
                            "operationType": "CREATE",
                            "user": {
                                "email": "reda.drissi@yahoo.fr"
                            },
                            "userLogin": "DrissiReda",
                            "userResourcePath": "/DrissiReda",
                            "userUrl": "https://github.com/DrissiReda"
                        }
                    },
                    {
                        "node": {
                            "action": "org.add_member",
                            "actorLogin": "RodolpheRousselet",
                            "actorResourcePath": "/RodolpheRousselet",
                            "actorUrl": "https://github.com/RodolpheRousselet",
                            "createdAt": "2020-05-26T10:55:49.863Z",
                            "operationType": "CREATE",
                            "user": {
                                "email": "reda.drissi@yahoo.fr"
                            },
                            "userLogin": "DrissiReda",
                            "userResourcePath": "/DrissiReda",
                            "userUrl": "https://github.com/DrissiReda"
                        }
                    },
                    {
                        "node": {
                            "action": "org.invite_member",
                            "actorLogin": "RodolpheRousselet",
                            "actorResourcePath": "/RodolpheRousselet",
                            "actorUrl": "https://github.com/RodolpheRousselet",
                            "createdAt": "2020-05-26T10:55:03.357Z",
                            "operationType": "CREATE",
                            "user": {
                                "email": "reda.drissi@yahoo.fr"
                            },
                            "userLogin": "DrissiReda",
                            "userResourcePath": "/DrissiReda",
                            "userUrl": "https://github.com/DrissiReda"
                        }
                    },
                    {
                        "node": {
                            "action": "org.invite_member",
                            "actorLogin": "alexginsca",
                            "actorResourcePath": "/alexginsca",
                            "actorUrl": "https://github.com/alexginsca",
                            "createdAt": "2020-05-20T14:28:05.924Z",
                            "operationType": "CREATE",
                            "user": null,
                            "userLogin": null,
                            "userResourcePath": null,
                            "userUrl": null
                        }
                    },
                    {
                        "node": {
                            "action": "org.add_member",
                            "actorLogin": "RodolpheRousselet",
                            "actorResourcePath": "/RodolpheRousselet",
                            "actorUrl": "https://github.com/RodolpheRousselet",
                            "createdAt": "2020-05-11T04:44:16.107Z",
                            "operationType": "CREATE",
                            "user": {
                                "email": ""
                            },
                            "userLogin": "HerveNOEL",
                            "userResourcePath": "/HerveNOEL",
                            "userUrl": "https://github.com/HerveNOEL"
                        }
                    },
                    {
                        "node": {
                            "action": "org.invite_member",
                            "actorLogin": "RodolpheRousselet",
                            "actorResourcePath": "/RodolpheRousselet",
                            "actorUrl": "https://github.com/RodolpheRousselet",
                            "createdAt": "2020-05-09T14:17:51.344Z",
                            "operationType": "CREATE",
                            "user": null,
                            "userLogin": null,
                            "userResourcePath": null,
                            "userUrl": null
                        }
                    },
                    {
                        "node": {
                            "action": "org.add_member",
                            "actorLogin": "damienorset",
                            "actorResourcePath": "/damienorset",
                            "actorUrl": "https://github.com/damienorset",
                            "createdAt": "2020-05-06T09:24:03.815Z",
                            "operationType": "CREATE",
                            "user": {
                                "email": ""
                            },
                            "userLogin": "ErkanUlker",
                            "userResourcePath": "/ErkanUlker",
                            "userUrl": "https://github.com/ErkanUlker"
                        }
                    },
                    {
                        "node": {
                            "action": "org.invite_member",
                            "actorLogin": "damienorset",
                            "actorResourcePath": "/damienorset",
                            "actorUrl": "https://github.com/damienorset",
                            "createdAt": "2020-05-06T09:20:01.808Z",
                            "operationType": "CREATE",
                            "user": null,
                            "userLogin": null,
                            "userResourcePath": null,
                            "userUrl": null
                        }
                    },
                    {
                        "node": {
                            "action": "org.add_member",
                            "actorLogin": "Ivan-Atalante",
                            "actorResourcePath": "/Ivan-Atalante",
                            "actorUrl": "https://github.com/Ivan-Atalante",
                            "createdAt": "2020-05-05T12:31:21.641Z",
                            "operationType": "CREATE",
                            "user": {
                                "email": ""
                            },
                            "userLogin": "Mymeric",
                            "userResourcePath": "/Mymeric",
                            "userUrl": "https://github.com/Mymeric"
                        }
                    },
                    {
                        "node": {
                            "action": "org.invite_member",
                            "actorLogin": "Ivan-Atalante",
                            "actorResourcePath": "/Ivan-Atalante",
                            "actorUrl": "https://github.com/Ivan-Atalante",
                            "createdAt": "2020-05-05T12:27:21.807Z",
                            "operationType": "CREATE",
                            "user": null,
                            "userLogin": null,
                            "userResourcePath": null,
                            "userUrl": null
                        }
                    },
                    {
                        "node": {
                            "action": "repo.access",
                            "actorLogin": "Ivan-Atalante",
                            "actorResourcePath": "/Ivan-Atalante",
                            "actorUrl": "https://github.com/Ivan-Atalante",
                            "createdAt": "2020-05-05T12:16:38.591Z",
                            "operationType": "MODIFY",
                            "user": null,
                            "userLogin": null,
                            "userResourcePath": null,
                            "userUrl": null
                        }
                    },
                    {
                        "node": {
                            "action": "repo.create",
                            "actorLogin": "Ivan-Atalante",
                            "actorResourcePath": "/Ivan-Atalante",
                            "actorUrl": "https://github.com/Ivan-Atalante",
                            "createdAt": "2020-05-05T12:12:15.538Z",
                            "operationType": "CREATE",
                            "user": null,
                            "userLogin": null,
                            "userResourcePath": null,
                            "userUrl": null
                        }
                    },
                    {
                        "node": {
                            "action": "team.add_member",
                            "actorLogin": "RodolpheRousselet",
                            "actorResourcePath": "/RodolpheRousselet",
                            "actorUrl": "https://github.com/RodolpheRousselet",
                            "createdAt": "2020-05-05T12:11:16.067Z",
                            "operationType": "CREATE",
                            "user": {
                                "email": ""
                            },
                            "userLogin": "Ivan-Atalante",
                            "userResourcePath": "/Ivan-Atalante",
                            "userUrl": "https://github.com/Ivan-Atalante"
                        }
                    },
                    {
                        "node": {
                            "action": "org.add_member",
                            "actorLogin": "RodolpheRousselet",
                            "actorResourcePath": "/RodolpheRousselet",
                            "actorUrl": "https://github.com/RodolpheRousselet",
                            "createdAt": "2020-05-05T12:11:15.766Z",
                            "operationType": "CREATE",
                            "user": {
                                "email": ""
                            },
                            "userLogin": "Ivan-Atalante",
                            "userResourcePath": "/Ivan-Atalante",
                            "userUrl": "https://github.com/Ivan-Atalante"
                        }
                    },
                    {
                        "node": {
                            "action": "org.add_member",
                            "actorLogin": "RodolpheRousselet",
                            "actorResourcePath": "/RodolpheRousselet",
                            "actorUrl": "https://github.com/RodolpheRousselet",
                            "createdAt": "2020-05-05T09:16:02.288Z",
                            "operationType": "CREATE",
                            "user": {
                                "email": ""
                            },
                            "userLogin": "remiparize",
                            "userResourcePath": "/remiparize",
                            "userUrl": "https://github.com/remiparize"
                        }
                    },
                    {
                        "node": {
                            "action": "org.add_member",
                            "actorLogin": "fabricepellerin",
                            "actorResourcePath": "/fabricepellerin",
                            "actorUrl": "https://github.com/fabricepellerin",
                            "createdAt": "2020-05-05T08:20:50.926Z",
                            "operationType": "CREATE",
                            "user": {
                                "email": ""
                            },
                            "userLogin": "A709547",
                            "userResourcePath": "/A709547",
                            "userUrl": "https://github.com/A709547"
                        }
                    },
                    {
                        "node": {
                            "action": "org.add_member",
                            "actorLogin": "fabricepellerin",
                            "actorResourcePath": "/fabricepellerin",
                            "actorUrl": "https://github.com/fabricepellerin",
                            "createdAt": "2020-05-05T07:52:11.896Z",
                            "operationType": "CREATE",
                            "user": {
                                "email": ""
                            },
                            "userLogin": "zianitay",
                            "userResourcePath": "/zianitay",
                            "userUrl": "https://github.com/zianitay"
                        }
                    },
                    {
                        "node": {
                            "action": "org.invite_member",
                            "actorLogin": "fabricepellerin",
                            "actorResourcePath": "/fabricepellerin",
                            "actorUrl": "https://github.com/fabricepellerin",
                            "createdAt": "2020-05-05T07:48:09.370Z",
                            "operationType": "CREATE",
                            "user": null,
                            "userLogin": null,
                            "userResourcePath": null,
                            "userUrl": null
                        }
                    }
                ],
                "pageInfo": {
                    "endCursor": "Y3Vyc29yOjIwMA==",
                    "hasNextPage": true
                }
            }
        }
    }
}