{
    "data_organization_auditLog_edges_0_node_action": "org.remove_member",
    "data_organization_auditLog_edges_0_node_actorLogin": "A661167",
    "data_organization_auditLog_edges_0_node_createdAt": "2020-07-02T13:28:28.576Z",
    "data_organization_auditLog_edges_1_node_action": "org.remove_member",
    "data_organization_auditLog_edges_1_node_actorLogin": "A661167",
    "data_organization_auditLog_edges_1_node_createdAt": "2020-07-02T13:28:28.524Z",
    "data_organization_auditLog_edges_2_node_action": "org.remove_member",
    "data_organization_auditLog_edges_2_node_actorLogin": "A661167",
    "data_organization_auditLog_edges_2_node_createdAt": "2020-07-02T13:28:28.462Z",
    "data_organization_auditLog_edges_3_node_action": "org.add_member",
    "data_organization_auditLog_edges_3_node_actorLogin": "A163356",
    "data_organization_auditLog_edges_3_node_createdAt": "2020-07-02T10:44:25.810Z",
    "data_organization_auditLog_edges_4_node_action": "org.invite_member",
    "data_organization_auditLog_edges_4_node_actorLogin": "A163356",
    "data_organization_auditLog_edges_4_node_createdAt": "2020-07-02T10:43:11.185Z",
    "data_organization_auditLog_edges_5_node_action": "org.add_member",
    "data_organization_auditLog_edges_5_node_actorLogin": "AnisBkd",
    "data_organization_auditLog_edges_5_node_createdAt": "2020-07-02T08:04:40.549Z",
    "data_organization_auditLog_edges_6_node_action": "repo.destroy",
    "data_organization_auditLog_edges_6_node_actorLogin": "RodolpheRousselet",
    "data_organization_auditLog_edges_6_node_createdAt": "2020-07-02T06:40:08.414Z",
    "data_organization_auditLog_edges_7_node_action": "org.add_member",
    "data_organization_auditLog_edges_7_node_actorLogin": "AnisBkd",
    "data_organization_auditLog_edges_7_node_createdAt": "2020-07-01T14:48:13.654Z",
    "data_organization_auditLog_edges_8_node_action": "org.invite_member",
    "data_organization_auditLog_edges_8_node_actorLogin": "AnisBkd",
    "data_organization_auditLog_edges_8_node_createdAt": "2020-07-01T14:47:28.175Z",
    "data_organization_auditLog_edges_9_node_action": "org.remove_member",
    "data_organization_auditLog_edges_9_node_actorLogin": "euskanani",
    "data_organization_auditLog_edges_9_node_createdAt": "2020-07-01T14:37:36.384Z",
    "data_organization_auditLog_edges_10_node_action": "org.add_member",
    "data_organization_auditLog_edges_10_node_actorLogin": "AnisBkd",
    "data_organization_auditLog_edges_10_node_createdAt": "2020-07-01T14:33:51.061Z",
    "data_organization_auditLog_edges_11_node_action": "org.add_member",
    "data_organization_auditLog_edges_11_node_actorLogin": "AnisBkd",
    "data_organization_auditLog_edges_11_node_createdAt": "2020-07-01T14:17:48.554Z",
    "data_organization_auditLog_edges_12_node_action": "org.invite_member",
    "data_organization_auditLog_edges_12_node_actorLogin": "AnisBkd",
    "data_organization_auditLog_edges_12_node_createdAt": "2020-07-01T14:01:10.037Z",
    "data_organization_auditLog_edges_13_node_action": "org.invite_member",
    "data_organization_auditLog_edges_13_node_actorLogin": "AnisBkd",
    "data_organization_auditLog_edges_13_node_createdAt": "2020-07-01T14:00:55.473Z",
    "data_organization_auditLog_edges_14_node_action": "org.invite_member",
    "data_organization_auditLog_edges_14_node_actorLogin": "AnisBkd",
    "data_organization_auditLog_edges_14_node_createdAt": "2020-07-01T14:00:39.043Z",
    "data_organization_auditLog_edges_15_node_action": "org.invite_member",
    "data_organization_auditLog_edges_15_node_actorLogin": "AnisBkd",
    "data_organization_auditLog_edges_15_node_createdAt": "2020-07-01T13:59:55.860Z",
    "data_organization_auditLog_edges_16_node_action": "repo.create",
    "data_organization_auditLog_edges_16_node_actorLogin": "AnisBkd",
    "data_organization_auditLog_edges_16_node_createdAt": "2020-07-01T09:36:51.001Z",
    "data_organization_auditLog_edges_17_node_action": "repo.create",
    "data_organization_auditLog_edges_17_node_actorLogin": "AnisBkd",
    "data_organization_auditLog_edges_17_node_createdAt": "2020-07-01T09:25:57.518Z",
    "data_organization_auditLog_edges_18_node_action": "repo.create",
    "data_organization_auditLog_edges_18_node_actorLogin": "AnisBkd",
    "data_organization_auditLog_edges_18_node_createdAt": "2020-07-01T09:03:50.116Z",
    "data_organization_auditLog_edges_19_node_action": "org.update_member",
    "data_organization_auditLog_edges_19_node_actorLogin": "xrafhue",
    "data_organization_auditLog_edges_19_node_createdAt": "2020-07-01T07:52:56.926Z",
    "data_organization_auditLog_edges_20_node_action": "org.add_member",
    "data_organization_auditLog_edges_20_node_actorLogin": "xrafhue",
    "data_organization_auditLog_edges_20_node_createdAt": "2020-07-01T07:45:47.849Z",
    "data_organization_auditLog_edges_21_node_action": "org.invite_member",
    "data_organization_auditLog_edges_21_node_actorLogin": "xrafhue",
    "data_organization_auditLog_edges_21_node_createdAt": "2020-07-01T07:43:42.595Z",
    "data_organization_auditLog_edges_22_node_action": "repo.access",
    "data_organization_auditLog_edges_22_node_actorLogin": "DrissiReda",
    "data_organization_auditLog_edges_22_node_createdAt": "2020-06-24T08:25:37.357Z",
    "data_organization_auditLog_edges_23_node_action": "repo.access",
    "data_organization_auditLog_edges_23_node_actorLogin": "DrissiReda",
    "data_organization_auditLog_edges_23_node_createdAt": "2020-06-24T08:24:43.216Z",
    "data_organization_auditLog_edges_24_node_action": "repo.create",
    "data_organization_auditLog_edges_24_node_actorLogin": "DrissiReda",
    "data_organization_auditLog_edges_24_node_createdAt": "2020-06-23T15:22:03.014Z",
    "data_organization_auditLog_edges_25_node_action": "repo.create",
    "data_organization_auditLog_edges_25_node_actorLogin": "DrissiReda",
    "data_organization_auditLog_edges_25_node_createdAt": "2020-06-23T15:21:06.849Z",
    "data_organization_auditLog_edges_26_node_action": "org.add_member",
    "data_organization_auditLog_edges_26_node_actorLogin": "RodolpheRousselet",
    "data_organization_auditLog_edges_26_node_createdAt": "2020-06-20T21:14:14.252Z",
    "data_organization_auditLog_edges_27_node_action": "org.invite_member",
    "data_organization_auditLog_edges_27_node_actorLogin": "RodolpheRousselet",
    "data_organization_auditLog_edges_27_node_createdAt": "2020-06-19T16:14:41.063Z",
    "data_organization_auditLog_edges_28_node_action": "org.add_member",
    "data_organization_auditLog_edges_28_node_actorLogin": "RodolpheRousselet",
    "data_organization_auditLog_edges_28_node_createdAt": "2020-06-19T11:55:14.971Z",
    "data_organization_auditLog_edges_29_node_action": "org.invite_member",
    "data_organization_auditLog_edges_29_node_actorLogin": "RodolpheRousselet",
    "data_organization_auditLog_edges_29_node_createdAt": "2020-06-19T10:39:10.896Z",
    "data_organization_auditLog_edges_30_node_action": "repo.destroy",
    "data_organization_auditLog_edges_30_node_actorLogin": "damienorset",
    "data_organization_auditLog_edges_30_node_createdAt": "2020-06-18T12:18:52.291Z",
    "data_organization_auditLog_edges_31_node_action": "repo.destroy",
    "data_organization_auditLog_edges_31_node_actorLogin": "damienorset",
    "data_organization_auditLog_edges_31_node_createdAt": "2020-06-18T12:18:06.694Z",
    "data_organization_auditLog_edges_32_node_action": "repo.add_member",
    "data_organization_auditLog_edges_32_node_actorLogin": "Ivan-Atalante",
    "data_organization_auditLog_edges_32_node_createdAt": "2020-06-11T07:23:02.732Z",
    "data_organization_auditLog_edges_33_node_action": "repo.add_member",
    "data_organization_auditLog_edges_33_node_actorLogin": "Ivan-Atalante",
    "data_organization_auditLog_edges_33_node_createdAt": "2020-06-09T10:25:41.622Z",
    "data_organization_auditLog_edges_34_node_action": "org.oauth_app_access_approved",
    "data_organization_auditLog_edges_34_node_actorLogin": "Ivan-Atalante",
    "data_organization_auditLog_edges_34_node_createdAt": "2020-05-29T16:32:55.906Z",
    "data_organization_auditLog_edges_35_node_action": "org.update_member",
    "data_organization_auditLog_edges_35_node_actorLogin": "RodolpheRousselet",
    "data_organization_auditLog_edges_35_node_createdAt": "2020-05-28T18:52:20.488Z",
    "data_organization_auditLog_edges_36_node_action": "org.add_member",
    "data_organization_auditLog_edges_36_node_actorLogin": "alexginsca",
    "data_organization_auditLog_edges_36_node_createdAt": "2020-05-28T09:32:59.704Z",
    "data_organization_auditLog_edges_37_node_action": "org.invite_member",
    "data_organization_auditLog_edges_37_node_actorLogin": "alexginsca",
    "data_organization_auditLog_edges_37_node_createdAt": "2020-05-28T09:32:15.114Z",
    "data_organization_auditLog_edges_38_node_action": "repo.create",
    "data_organization_auditLog_edges_38_node_actorLogin": "DrissiReda",
    "data_organization_auditLog_edges_38_node_createdAt": "2020-05-26T10:57:01.529Z",
    "data_organization_auditLog_edges_39_node_action": "repo.add_member",
    "data_organization_auditLog_edges_39_node_actorLogin": "CNSJ-FRANCE",
    "data_organization_auditLog_edges_39_node_createdAt": "2020-05-26T10:57:01.227Z",
    "data_organization_auditLog_edges_40_node_action": "org.add_member",
    "data_organization_auditLog_edges_40_node_actorLogin": "RodolpheRousselet",
    "data_organization_auditLog_edges_40_node_createdAt": "2020-05-26T10:55:49.863Z",
    "data_organization_auditLog_edges_41_node_action": "org.invite_member",
    "data_organization_auditLog_edges_41_node_actorLogin": "RodolpheRousselet",
    "data_organization_auditLog_edges_41_node_createdAt": "2020-05-26T10:55:03.357Z",
    "data_organization_auditLog_edges_42_node_action": "org.invite_member",
    "data_organization_auditLog_edges_42_node_actorLogin": "alexginsca",
    "data_organization_auditLog_edges_42_node_createdAt": "2020-05-20T14:28:05.924Z",
    "data_organization_auditLog_edges_43_node_action": "org.add_member",
    "data_organization_auditLog_edges_43_node_actorLogin": "RodolpheRousselet",
    "data_organization_auditLog_edges_43_node_createdAt": "2020-05-11T04:44:16.107Z",
    "data_organization_auditLog_edges_44_node_action": "org.invite_member",
    "data_organization_auditLog_edges_44_node_actorLogin": "RodolpheRousselet",
    "data_organization_auditLog_edges_44_node_createdAt": "2020-05-09T14:17:51.344Z",
    "data_organization_auditLog_edges_45_node_action": "org.add_member",
    "data_organization_auditLog_edges_45_node_actorLogin": "damienorset",
    "data_organization_auditLog_edges_45_node_createdAt": "2020-05-06T09:24:03.815Z",
    "data_organization_auditLog_edges_46_node_action": "org.invite_member",
    "data_organization_auditLog_edges_46_node_actorLogin": "damienorset",
    "data_organization_auditLog_edges_46_node_createdAt": "2020-05-06T09:20:01.808Z",
    "data_organization_auditLog_edges_47_node_action": "org.add_member",
    "data_organization_auditLog_edges_47_node_actorLogin": "Ivan-Atalante",
    "data_organization_auditLog_edges_47_node_createdAt": "2020-05-05T12:31:21.641Z",
    "data_organization_auditLog_edges_48_node_action": "org.invite_member",
    "data_organization_auditLog_edges_48_node_actorLogin": "Ivan-Atalante",
    "data_organization_auditLog_edges_48_node_createdAt": "2020-05-05T12:27:21.807Z",
    "data_organization_auditLog_edges_49_node_action": "repo.access",
    "data_organization_auditLog_edges_49_node_actorLogin": "Ivan-Atalante",
    "data_organization_auditLog_edges_49_node_createdAt": "2020-05-05T12:16:38.591Z",
    "data_organization_auditLog_edges_50_node_action": "repo.create",
    "data_organization_auditLog_edges_50_node_actorLogin": "Ivan-Atalante",
    "data_organization_auditLog_edges_50_node_createdAt": "2020-05-05T12:12:15.538Z",
    "data_organization_auditLog_edges_51_node_action": "team.add_member",
    "data_organization_auditLog_edges_51_node_actorLogin": "RodolpheRousselet",
    "data_organization_auditLog_edges_51_node_createdAt": "2020-05-05T12:11:16.067Z",
    "data_organization_auditLog_edges_52_node_action": "org.add_member",
    "data_organization_auditLog_edges_52_node_actorLogin": "RodolpheRousselet",
    "data_organization_auditLog_edges_52_node_createdAt": "2020-05-05T12:11:15.766Z",
    "data_organization_auditLog_edges_53_node_action": "org.add_member",
    "data_organization_auditLog_edges_53_node_actorLogin": "RodolpheRousselet",
    "data_organization_auditLog_edges_53_node_createdAt": "2020-05-05T09:16:02.288Z",
    "data_organization_auditLog_edges_54_node_action": "org.add_member",
    "data_organization_auditLog_edges_54_node_actorLogin": "fabricepellerin",
    "data_organization_auditLog_edges_54_node_createdAt": "2020-05-05T08:20:50.926Z",
    "data_organization_auditLog_edges_55_node_action": "org.add_member",
    "data_organization_auditLog_edges_55_node_actorLogin": "fabricepellerin",
    "data_organization_auditLog_edges_55_node_createdAt": "2020-05-05T07:52:11.896Z",
    "data_organization_auditLog_edges_56_node_action": "org.invite_member",
    "data_organization_auditLog_edges_56_node_actorLogin": "fabricepellerin",
    "data_organization_auditLog_edges_56_node_createdAt": "2020-05-05T07:48:09.370Z",
    "data_organization_auditLog_edges_57_node_action": "org.invite_member",
    "data_organization_auditLog_edges_57_node_actorLogin": "fabricepellerin",
    "data_organization_auditLog_edges_57_node_createdAt": "2020-05-05T07:47:35.382Z",
    "data_organization_auditLog_edges_58_node_action": "repo.create",
    "data_organization_auditLog_edges_58_node_actorLogin": "A709509",
    "data_organization_auditLog_edges_58_node_createdAt": "2020-05-05T07:35:02.240Z",
    "data_organization_auditLog_edges_59_node_action": "repo.add_member",
    "data_organization_auditLog_edges_59_node_actorLogin": "CNSJ-FRANCE",
    "data_organization_auditLog_edges_59_node_createdAt": "2020-05-05T07:35:01.963Z",
    "data_organization_auditLog_edges_60_node_action": "org.remove_member",
    "data_organization_auditLog_edges_60_node_actorLogin": "DavidDenjean",
    "data_organization_auditLog_edges_60_node_createdAt": "2020-05-04T20:51:42.509Z",
    "data_organization_auditLog_edges_61_node_action": "repo.create",
    "data_organization_auditLog_edges_61_node_actorLogin": "sigfridhoffmann",
    "data_organization_auditLog_edges_61_node_createdAt": "2020-05-04T16:49:08.313Z",
    "data_organization_auditLog_edges_62_node_action": "repo.create",
    "data_organization_auditLog_edges_62_node_actorLogin": "RodolpheRousselet",
    "data_organization_auditLog_edges_62_node_createdAt": "2020-05-04T15:09:53.293Z",
    "data_organization_auditLog_edges_63_node_action": "org.add_member",
    "data_organization_auditLog_edges_63_node_actorLogin": "DavidDenjean",
    "data_organization_auditLog_edges_63_node_createdAt": "2020-05-04T14:36:59.591Z",
    "data_organization_auditLog_edges_64_node_action": "org.add_member",
    "data_organization_auditLog_edges_64_node_actorLogin": "DavidDenjean",
    "data_organization_auditLog_edges_64_node_createdAt": "2020-05-04T12:27:54.497Z",
    "data_organization_auditLog_edges_65_node_action": "org.update_default_repository_permission",
    "data_organization_auditLog_edges_65_node_actorLogin": "RodolpheRousselet",
    "data_organization_auditLog_edges_65_node_createdAt": "2020-05-04T11:45:31.481Z",
    "data_organization_auditLog_edges_66_node_action": "org.add_member",
    "data_organization_auditLog_edges_66_node_actorLogin": "RodolpheRousselet",
    "data_organization_auditLog_edges_66_node_createdAt": "2020-05-04T11:17:46.684Z",
    "data_organization_auditLog_edges_67_node_action": "org.invite_member",
    "data_organization_auditLog_edges_67_node_actorLogin": "RodolpheRousselet",
    "data_organization_auditLog_edges_67_node_createdAt": "2020-05-04T10:58:08.922Z",
    "data_organization_auditLog_edges_68_node_action": "repo.create",
    "data_organization_auditLog_edges_68_node_actorLogin": "RodolpheRousselet",
    "data_organization_auditLog_edges_68_node_createdAt": "2020-05-04T10:56:23.713Z",
    "data_organization_auditLog_edges_69_node_action": "org.add_member",
    "data_organization_auditLog_edges_69_node_actorLogin": "RodolpheRousselet",
    "data_organization_auditLog_edges_69_node_createdAt": "2020-05-04T10:31:19.344Z",
    "data_organization_auditLog_edges_70_node_action": "org.invite_member",
    "data_organization_auditLog_edges_70_node_actorLogin": "RodolpheRousselet",
    "data_organization_auditLog_edges_70_node_createdAt": "2020-05-04T10:30:17.457Z",
    "data_organization_auditLog_edges_71_node_action": "org.invite_member",
    "data_organization_auditLog_edges_71_node_actorLogin": "RodolpheRousselet",
    "data_organization_auditLog_edges_71_node_createdAt": "2020-05-04T10:29:26.727Z",
    "data_organization_auditLog_edges_72_node_action": "org.add_member",
    "data_organization_auditLog_edges_72_node_actorLogin": "damienorset",
    "data_organization_auditLog_edges_72_node_createdAt": "2020-05-04T09:37:51.024Z",
    "data_organization_auditLog_edges_73_node_action": "org.invite_member",
    "data_organization_auditLog_edges_73_node_actorLogin": "damienorset",
    "data_organization_auditLog_edges_73_node_createdAt": "2020-05-04T09:20:01.568Z",
    "data_organization_auditLog_edges_74_node_action": "org.remove_member",
    "data_organization_auditLog_edges_74_node_actorLogin": "damienorset",
    "data_organization_auditLog_edges_74_node_createdAt": "2020-05-04T09:19:40.065Z",
    "data_organization_auditLog_edges_75_node_action": "org.add_member",
    "data_organization_auditLog_edges_75_node_actorLogin": "damienorset",
    "data_organization_auditLog_edges_75_node_createdAt": "2020-05-04T09:18:07.320Z",
    "data_organization_auditLog_edges_76_node_action": "org.invite_member",
    "data_organization_auditLog_edges_76_node_actorLogin": "damienorset",
    "data_organization_auditLog_edges_76_node_createdAt": "2020-05-04T09:01:12.450Z",
    "data_organization_auditLog_edges_77_node_action": "org.add_member",
    "data_organization_auditLog_edges_77_node_actorLogin": "DavidDenjean",
    "data_organization_auditLog_edges_77_node_createdAt": "2020-05-04T09:00:34.613Z",
    "data_organization_auditLog_edges_78_node_action": "org.invite_member",
    "data_organization_auditLog_edges_78_node_actorLogin": "DavidDenjean",
    "data_organization_auditLog_edges_78_node_createdAt": "2020-05-03T21:53:31.420Z",
    "data_organization_auditLog_edges_79_node_action": "org.invite_member",
    "data_organization_auditLog_edges_79_node_actorLogin": "DavidDenjean",
    "data_organization_auditLog_edges_79_node_createdAt": "2020-05-03T21:53:31.331Z",
    "data_organization_auditLog_edges_80_node_action": "org.invite_member",
    "data_organization_auditLog_edges_80_node_actorLogin": "DavidDenjean",
    "data_organization_auditLog_edges_80_node_createdAt": "2020-05-03T21:53:31.242Z",
    "data_organization_auditLog_edges_81_node_action": "org.invite_member",
    "data_organization_auditLog_edges_81_node_actorLogin": "DavidDenjean",
    "data_organization_auditLog_edges_81_node_createdAt": "2020-05-03T21:53:31.131Z",
    "data_organization_auditLog_edges_82_node_action": "org.add_member",
    "data_organization_auditLog_edges_82_node_actorLogin": "DD4v1DD",
    "data_organization_auditLog_edges_82_node_createdAt": "2020-05-03T17:04:39.089Z",
    "data_organization_auditLog_edges_83_node_action": "org.add_member",
    "data_organization_auditLog_edges_83_node_actorLogin": "RodolpheRousselet",
    "data_organization_auditLog_edges_83_node_createdAt": "2020-05-03T11:36:15.121Z",
    "data_organization_auditLog_edges_84_node_action": "org.invite_member",
    "data_organization_auditLog_edges_84_node_actorLogin": "RodolpheRousselet",
    "data_organization_auditLog_edges_84_node_createdAt": "2020-05-03T11:26:24.773Z",
    "data_organization_auditLog_edges_85_node_action": "team.add_member",
    "data_organization_auditLog_edges_85_node_actorLogin": "RodolpheRousselet",
    "data_organization_auditLog_edges_85_node_createdAt": "2020-05-02T16:09:37.385Z",
    "data_organization_auditLog_edges_86_node_action": "org.invite_member",
    "data_organization_auditLog_edges_86_node_actorLogin": "RodolpheRousselet",
    "data_organization_auditLog_edges_86_node_createdAt": "2020-05-02T16:08:07.785Z",
    "data_organization_auditLog_edges_87_node_action": "org.add_member",
    "data_organization_auditLog_edges_87_node_actorLogin": "DavidDenjean",
    "data_organization_auditLog_edges_87_node_createdAt": "2020-05-02T13:56:13.811Z",
    "data_organization_auditLog_edges_88_node_action": "oauth_application.create",
    "data_organization_auditLog_edges_88_node_actorLogin": "sigfridhoffmann",
    "data_organization_auditLog_edges_88_node_createdAt": "2020-05-02T06:50:34.711Z",
    "data_organization_auditLog_edges_89_node_action": "org.invite_member",
    "data_organization_auditLog_edges_89_node_actorLogin": "DavidDenjean",
    "data_organization_auditLog_edges_89_node_createdAt": "2020-04-29T21:13:29.238Z",
    "data_organization_auditLog_edges_90_node_action": "org.add_member",
    "data_organization_auditLog_edges_90_node_actorLogin": "DD4v1DD",
    "data_organization_auditLog_edges_90_node_createdAt": "2020-04-29T17:39:05.257Z",
    "data_organization_auditLog_edges_91_node_action": "org.update_member",
    "data_organization_auditLog_edges_91_node_actorLogin": "DD4v1DD",
    "data_organization_auditLog_edges_91_node_createdAt": "2020-04-29T17:30:31.079Z",
    "data_organization_auditLog_edges_92_node_action": "org.add_member",
    "data_organization_auditLog_edges_92_node_actorLogin": "DD4v1DD",
    "data_organization_auditLog_edges_92_node_createdAt": "2020-04-29T17:29:17.993Z",
    "data_organization_auditLog_edges_93_node_action": "org.invite_member",
    "data_organization_auditLog_edges_93_node_actorLogin": "DD4v1DD",
    "data_organization_auditLog_edges_93_node_createdAt": "2020-04-29T17:27:46.586Z",
    "data_organization_auditLog_edges_94_node_action": "org.invite_member",
    "data_organization_auditLog_edges_94_node_actorLogin": "DD4v1DD",
    "data_organization_auditLog_edges_94_node_createdAt": "2020-04-29T17:27:46.463Z",
    "data_organization_auditLog_edges_95_node_action": "org.invite_member",
    "data_organization_auditLog_edges_95_node_actorLogin": "DD4v1DD",
    "data_organization_auditLog_edges_95_node_createdAt": "2020-04-29T17:27:46.337Z",
    "data_organization_auditLog_edges_96_node_action": "org.add_member",
    "data_organization_auditLog_edges_96_node_actorLogin": "A163356",
    "data_organization_auditLog_edges_96_node_createdAt": "2020-04-29T17:20:29.305Z",
    "data_organization_auditLog_edges_97_node_action": "org.invite_member",
    "data_organization_auditLog_edges_97_node_actorLogin": "A163356",
    "data_organization_auditLog_edges_97_node_createdAt": "2020-04-29T17:13:33.598Z",
    "data_organization_auditLog_edges_98_node_action": "org.create",
    "data_organization_auditLog_edges_98_node_actorLogin": "A163356",
    "data_organization_auditLog_edges_98_node_createdAt": "2020-04-29T17:08:00.005Z",
    "data_organization_auditLog_edges_99_node_action": "org.add_member",
    "data_organization_auditLog_edges_99_node_actorLogin": "A163356",
    "data_organization_auditLog_edges_99_node_createdAt": "2020-04-29T17:07:59.850Z"
}