{
    "data": {
        "organization": {
            "auditLog": {
                "edges": [
                    {
                        "node": {
                            "action": "org.remove_member",
                            "actorLogin": "A661167",
                            "actorResourcePath": "/A661167",
                            "actorUrl": "https://github.com/A661167",
                            "createdAt": "2020-07-02T13:28:28.576Z",
                            "operationType": "REMOVE",
                            "userLogin": "sigfridhoffmann",
                            "userResourcePath": "/sigfridhoffmann",
                            "userUrl": "https://github.com/sigfridhoffmann"
                        }
                    },
                    {
                        "node": {
                            "action": "org.remove_member",
                            "actorLogin": "A661167",
                            "actorResourcePath": "/A661167",
                            "actorUrl": "https://github.com/A661167",
                            "createdAt": "2020-07-02T13:28:28.524Z",
                            "operationType": "REMOVE",
                            "userLogin": "RodolpheRousselet",
                            "userResourcePath": "/RodolpheRousselet",
                            "userUrl": "https://github.com/RodolpheRousselet"
                        }
                    },
                    {
                        "node": {
                            "action": "org.remove_member",
                            "actorLogin": "A661167",
                            "actorResourcePath": "/A661167",
                            "actorUrl": "https://github.com/A661167",
                            "createdAt": "2020-07-02T13:28:28.462Z",
                            "operationType": "REMOVE",
                            "userLogin": "Mymeric",
                            "userResourcePath": "/Mymeric",
                            "userUrl": "https://github.com/Mymeric"
                        }
                    },
                    {
                        "node": {
                            "action": "org.add_member",
                            "actorLogin": "A163356",
                            "actorResourcePath": "/A163356",
                            "actorUrl": "https://github.com/A163356",
                            "createdAt": "2020-07-02T10:44:25.810Z",
                            "operationType": "CREATE",
                            "userLogin": "A661167",
                            "userResourcePath": "/A661167",
                            "userUrl": "https://github.com/A661167"
                        }
                    },
                    {
                        "node": {
                            "action": "org.invite_member",
                            "actorLogin": "A163356",
                            "actorResourcePath": "/A163356",
                            "actorUrl": "https://github.com/A163356",
                            "createdAt": "2020-07-02T10:43:11.185Z",
                            "operationType": "CREATE",
                            "userLogin": "A661167",
                            "userResourcePath": "/A661167",
                            "userUrl": "https://github.com/A661167"
                        }
                    },
                    {
                        "node": {
                            "action": "org.add_member",
                            "actorLogin": "AnisBkd",
                            "actorResourcePath": "/AnisBkd",
                            "actorUrl": "https://github.com/AnisBkd",
                            "createdAt": "2020-07-02T08:04:40.549Z",
                            "operationType": "CREATE",
                            "userLogin": "Alexmarat",
                            "userResourcePath": "/Alexmarat",
                            "userUrl": "https://github.com/Alexmarat"
                        }
                    },
                    {
                        "node": {
                            "action": "repo.destroy",
                            "actorLogin": "RodolpheRousselet",
                            "actorResourcePath": "/RodolpheRousselet",
                            "actorUrl": "https://github.com/RodolpheRousselet",
                            "createdAt": "2020-07-02T06:40:08.414Z",
                            "operationType": "REMOVE",
                            "userLogin": null,
                            "userResourcePath": null,
                            "userUrl": null
                        }
                    },
                    {
                        "node": {
                            "action": "org.add_member",
                            "actorLogin": "AnisBkd",
                            "actorResourcePath": "/AnisBkd",
                            "actorUrl": "https://github.com/AnisBkd",
                            "createdAt": "2020-07-01T14:48:13.654Z",
                            "operationType": "CREATE",
                            "userLogin": "eusebekanani",
                            "userResourcePath": "/eusebekanani",
                            "userUrl": "https://github.com/eusebekanani"
                        }
                    },
                    {
                        "node": {
                            "action": "org.invite_member",
                            "actorLogin": "AnisBkd",
                            "actorResourcePath": "/AnisBkd",
                            "actorUrl": "https://github.com/AnisBkd",
                            "createdAt": "2020-07-01T14:47:28.175Z",
                            "operationType": "CREATE",
                            "userLogin": null,
                            "userResourcePath": null,
                            "userUrl": null
                        }
                    },
                    {
                        "node": {
                            "action": "org.remove_member",
                            "actorLogin": "euskanani",
                            "actorResourcePath": "/euskanani",
                            "actorUrl": "https://github.com/euskanani",
                            "createdAt": "2020-07-01T14:37:36.384Z",
                            "operationType": "REMOVE",
                            "userLogin": "euskanani",
                            "userResourcePath": "/euskanani",
                            "userUrl": "https://github.com/euskanani"
                        }
                    },
                    {
                        "node": {
                            "action": "org.add_member",
                            "actorLogin": "AnisBkd",
                            "actorResourcePath": "/AnisBkd",
                            "actorUrl": "https://github.com/AnisBkd",
                            "createdAt": "2020-07-01T14:33:51.061Z",
                            "operationType": "CREATE",
                            "userLogin": "euskanani",
                            "userResourcePath": "/euskanani",
                            "userUrl": "https://github.com/euskanani"
                        }
                    },
                    {
                        "node": {
                            "action": "org.add_member",
                            "actorLogin": "AnisBkd",
                            "actorResourcePath": "/AnisBkd",
                            "actorUrl": "https://github.com/AnisBkd",
                            "createdAt": "2020-07-01T14:17:48.554Z",
                            "operationType": "CREATE",
                            "userLogin": "SalimaAMRIOUT",
                            "userResourcePath": "/SalimaAMRIOUT",
                            "userUrl": "https://github.com/SalimaAMRIOUT"
                        }
                    },
                    {
                        "node": {
                            "action": "org.invite_member",
                            "actorLogin": "AnisBkd",
                            "actorResourcePath": "/AnisBkd",
                            "actorUrl": "https://github.com/AnisBkd",
                            "createdAt": "2020-07-01T14:01:10.037Z",
                            "operationType": "CREATE",
                            "userLogin": null,
                            "userResourcePath": null,
                            "userUrl": null
                        }
                    },
                    {
                        "node": {
                            "action": "org.invite_member",
                            "actorLogin": "AnisBkd",
                            "actorResourcePath": "/AnisBkd",
                            "actorUrl": "https://github.com/AnisBkd",
                            "createdAt": "2020-07-01T14:00:55.473Z",
                            "operationType": "CREATE",
                            "userLogin": null,
                            "userResourcePath": null,
                            "userUrl": null
                        }
                    },
                    {
                        "node": {
                            "action": "org.invite_member",
                            "actorLogin": "AnisBkd",
                            "actorResourcePath": "/AnisBkd",
                            "actorUrl": "https://github.com/AnisBkd",
                            "createdAt": "2020-07-01T14:00:39.043Z",
                            "operationType": "CREATE",
                            "userLogin": null,
                            "userResourcePath": null,
                            "userUrl": null
                        }
                    },
                    {
                        "node": {
                            "action": "org.invite_member",
                            "actorLogin": "AnisBkd",
                            "actorResourcePath": "/AnisBkd",
                            "actorUrl": "https://github.com/AnisBkd",
                            "createdAt": "2020-07-01T13:59:55.860Z",
                            "operationType": "CREATE",
                            "userLogin": null,
                            "userResourcePath": null,
                            "userUrl": null
                        }
                    },
                    {
                        "node": {
                            "action": "repo.create",
                            "actorLogin": "AnisBkd",
                            "actorResourcePath": "/AnisBkd",
                            "actorUrl": "https://github.com/AnisBkd",
                            "createdAt": "2020-07-01T09:36:51.001Z",
                            "operationType": "CREATE",
                            "userLogin": null,
                            "userResourcePath": null,
                            "userUrl": null
                        }
                    },
                    {
                        "node": {
                            "action": "repo.create",
                            "actorLogin": "AnisBkd",
                            "actorResourcePath": "/AnisBkd",
                            "actorUrl": "https://github.com/AnisBkd",
                            "createdAt": "2020-07-01T09:25:57.518Z",
                            "operationType": "CREATE",
                            "userLogin": null,
                            "userResourcePath": null,
                            "userUrl": null
                        }
                    },
                    {
                        "node": {
                            "action": "repo.create",
                            "actorLogin": "AnisBkd",
                            "actorResourcePath": "/AnisBkd",
                            "actorUrl": "https://github.com/AnisBkd",
                            "createdAt": "2020-07-01T09:03:50.116Z",
                            "operationType": "CREATE",
                            "userLogin": null,
                            "userResourcePath": null,
                            "userUrl": null
                        }
                    },
                    {
                        "node": {
                            "action": "org.update_member",
                            "actorLogin": "xrafhue",
                            "actorResourcePath": "/xrafhue",
                            "actorUrl": "https://github.com/xrafhue",
                            "createdAt": "2020-07-01T07:52:56.926Z",
                            "operationType": "MODIFY",
                            "userLogin": "zianitay",
                            "userResourcePath": "/zianitay",
                            "userUrl": "https://github.com/zianitay"
                        }
                    },
                    {
                        "node": {
                            "action": "org.add_member",
                            "actorLogin": "xrafhue",
                            "actorResourcePath": "/xrafhue",
                            "actorUrl": "https://github.com/xrafhue",
                            "createdAt": "2020-07-01T07:45:47.849Z",
                            "operationType": "CREATE",
                            "userLogin": "AnisBkd",
                            "userResourcePath": "/AnisBkd",
                            "userUrl": "https://github.com/AnisBkd"
                        }
                    },
                    {
                        "node": {
                            "action": "org.invite_member",
                            "actorLogin": "xrafhue",
                            "actorResourcePath": "/xrafhue",
                            "actorUrl": "https://github.com/xrafhue",
                            "createdAt": "2020-07-01T07:43:42.595Z",
                            "operationType": "CREATE",
                            "userLogin": null,
                            "userResourcePath": null,
                            "userUrl": null
                        }
                    },
                    {
                        "node": {
                            "action": "repo.access",
                            "actorLogin": "DrissiReda",
                            "actorResourcePath": "/DrissiReda",
                            "actorUrl": "https://github.com/DrissiReda",
                            "createdAt": "2020-06-24T08:25:37.357Z",
                            "operationType": "MODIFY",
                            "userLogin": null,
                            "userResourcePath": null,
                            "userUrl": null
                        }
                    },
                    {
                        "node": {
                            "action": "repo.access",
                            "actorLogin": "DrissiReda",
                            "actorResourcePath": "/DrissiReda",
                            "actorUrl": "https://github.com/DrissiReda",
                            "createdAt": "2020-06-24T08:24:43.216Z",
                            "operationType": "MODIFY",
                            "userLogin": null,
                            "userResourcePath": null,
                            "userUrl": null
                        }
                    },
                    {
                        "node": {
                            "action": "repo.create",
                            "actorLogin": "DrissiReda",
                            "actorResourcePath": "/DrissiReda",
                            "actorUrl": "https://github.com/DrissiReda",
                            "createdAt": "2020-06-23T15:22:03.014Z",
                            "operationType": "CREATE",
                            "userLogin": null,
                            "userResourcePath": null,
                            "userUrl": null
                        }
                    },
                    {
                        "node": {
                            "action": "repo.create",
                            "actorLogin": "DrissiReda",
                            "actorResourcePath": "/DrissiReda",
                            "actorUrl": "https://github.com/DrissiReda",
                            "createdAt": "2020-06-23T15:21:06.849Z",
                            "operationType": "CREATE",
                            "userLogin": null,
                            "userResourcePath": null,
                            "userUrl": null
                        }
                    },
                    {
                        "node": {
                            "action": "org.add_member",
                            "actorLogin": "RodolpheRousselet",
                            "actorResourcePath": "/RodolpheRousselet",
                            "actorUrl": "https://github.com/RodolpheRousselet",
                            "createdAt": "2020-06-20T21:14:14.252Z",
                            "operationType": "CREATE",
                            "userLogin": "AKHELIFI",
                            "userResourcePath": "/AKHELIFI",
                            "userUrl": "https://github.com/AKHELIFI"
                        }
                    },
                    {
                        "node": {
                            "action": "org.invite_member",
                            "actorLogin": "RodolpheRousselet",
                            "actorResourcePath": "/RodolpheRousselet",
                            "actorUrl": "https://github.com/RodolpheRousselet",
                            "createdAt": "2020-06-19T16:14:41.063Z",
                            "operationType": "CREATE",
                            "userLogin": null,
                            "userResourcePath": null,
                            "userUrl": null
                        }
                    },
                    {
                        "node": {
                            "action": "org.add_member",
                            "actorLogin": "RodolpheRousselet",
                            "actorResourcePath": "/RodolpheRousselet",
                            "actorUrl": "https://github.com/RodolpheRousselet",
                            "createdAt": "2020-06-19T11:55:14.971Z",
                            "operationType": "CREATE",
                            "userLogin": "xrafhue",
                            "userResourcePath": "/xrafhue",
                            "userUrl": "https://github.com/xrafhue"
                        }
                    },
                    {
                        "node": {
                            "action": "org.invite_member",
                            "actorLogin": "RodolpheRousselet",
                            "actorResourcePath": "/RodolpheRousselet",
                            "actorUrl": "https://github.com/RodolpheRousselet",
                            "createdAt": "2020-06-19T10:39:10.896Z",
                            "operationType": "CREATE",
                            "userLogin": null,
                            "userResourcePath": null,
                            "userUrl": null
                        }
                    },
                    {
                        "node": {
                            "action": "repo.destroy",
                            "actorLogin": "damienorset",
                            "actorResourcePath": "/damienorset",
                            "actorUrl": "https://github.com/damienorset",
                            "createdAt": "2020-06-18T12:18:52.291Z",
                            "operationType": "REMOVE",
                            "userLogin": null,
                            "userResourcePath": null,
                            "userUrl": null
                        }
                    },
                    {
                        "node": {
                            "action": "repo.destroy",
                            "actorLogin": "damienorset",
                            "actorResourcePath": "/damienorset",
                            "actorUrl": "https://github.com/damienorset",
                            "createdAt": "2020-06-18T12:18:06.694Z",
                            "operationType": "REMOVE",
                            "userLogin": null,
                            "userResourcePath": null,
                            "userUrl": null
                        }
                    },
                    {
                        "node": {
                            "action": "repo.add_member",
                            "actorLogin": "Ivan-Atalante",
                            "actorResourcePath": "/Ivan-Atalante",
                            "actorUrl": "https://github.com/Ivan-Atalante",
                            "createdAt": "2020-06-11T07:23:02.732Z",
                            "operationType": "CREATE",
                            "userLogin": "afb2110",
                            "userResourcePath": "/afb2110",
                            "userUrl": "https://github.com/afb2110"
                        }
                    },
                    {
                        "node": {
                            "action": "repo.add_member",
                            "actorLogin": "Ivan-Atalante",
                            "actorResourcePath": "/Ivan-Atalante",
                            "actorUrl": "https://github.com/Ivan-Atalante",
                            "createdAt": "2020-06-09T10:25:41.622Z",
                            "operationType": "CREATE",
                            "userLogin": "RomainVONA",
                            "userResourcePath": "/RomainVONA",
                            "userUrl": "https://github.com/RomainVONA"
                        }
                    },
                    {
                        "node": {
                            "action": "org.oauth_app_access_approved",
                            "actorLogin": "Ivan-Atalante",
                            "actorResourcePath": "/Ivan-Atalante",
                            "actorUrl": "https://github.com/Ivan-Atalante",
                            "createdAt": "2020-05-29T16:32:55.906Z",
                            "operationType": "MODIFY",
                            "userLogin": null,
                            "userResourcePath": null,
                            "userUrl": null
                        }
                    },
                    {
                        "node": {
                            "action": "org.update_member",
                            "actorLogin": "RodolpheRousselet",
                            "actorResourcePath": "/RodolpheRousselet",
                            "actorUrl": "https://github.com/RodolpheRousselet",
                            "createdAt": "2020-05-28T18:52:20.488Z",
                            "operationType": "MODIFY",
                            "userLogin": "DrissiReda",
                            "userResourcePath": "/DrissiReda",
                            "userUrl": "https://github.com/DrissiReda"
                        }
                    },
                    {
                        "node": {
                            "action": "org.add_member",
                            "actorLogin": "alexginsca",
                            "actorResourcePath": "/alexginsca",
                            "actorUrl": "https://github.com/alexginsca",
                            "createdAt": "2020-05-28T09:32:59.704Z",
                            "operationType": "CREATE",
                            "userLogin": "ManalC",
                            "userResourcePath": "/ManalC",
                            "userUrl": "https://github.com/ManalC"
                        }
                    },
                    {
                        "node": {
                            "action": "org.invite_member",
                            "actorLogin": "alexginsca",
                            "actorResourcePath": "/alexginsca",
                            "actorUrl": "https://github.com/alexginsca",
                            "createdAt": "2020-05-28T09:32:15.114Z",
                            "operationType": "CREATE",
                            "userLogin": null,
                            "userResourcePath": null,
                            "userUrl": null
                        }
                    },
                    {
                        "node": {
                            "action": "repo.create",
                            "actorLogin": "DrissiReda",
                            "actorResourcePath": "/DrissiReda",
                            "actorUrl": "https://github.com/DrissiReda",
                            "createdAt": "2020-05-26T10:57:01.529Z",
                            "operationType": "CREATE",
                            "userLogin": null,
                            "userResourcePath": null,
                            "userUrl": null
                        }
                    },
                    {
                        "node": {
                            "action": "repo.add_member",
                            "actorLogin": "CNSJ-FRANCE",
                            "actorResourcePath": "/CNSJ-FRANCE",
                            "actorUrl": "https://github.com/CNSJ-FRANCE",
                            "createdAt": "2020-05-26T10:57:01.227Z",
                            "operationType": "CREATE",
                            "userLogin": "DrissiReda",
                            "userResourcePath": "/DrissiReda",
                            "userUrl": "https://github.com/DrissiReda"
                        }
                    },
                    {
                        "node": {
                            "action": "org.add_member",
                            "actorLogin": "RodolpheRousselet",
                            "actorResourcePath": "/RodolpheRousselet",
                            "actorUrl": "https://github.com/RodolpheRousselet",
                            "createdAt": "2020-05-26T10:55:49.863Z",
                            "operationType": "CREATE",
                            "userLogin": "DrissiReda",
                            "userResourcePath": "/DrissiReda",
                            "userUrl": "https://github.com/DrissiReda"
                        }
                    },
                    {
                        "node": {
                            "action": "org.invite_member",
                            "actorLogin": "RodolpheRousselet",
                            "actorResourcePath": "/RodolpheRousselet",
                            "actorUrl": "https://github.com/RodolpheRousselet",
                            "createdAt": "2020-05-26T10:55:03.357Z",
                            "operationType": "CREATE",
                            "userLogin": "DrissiReda",
                            "userResourcePath": "/DrissiReda",
                            "userUrl": "https://github.com/DrissiReda"
                        }
                    },
                    {
                        "node": {
                            "action": "org.invite_member",
                            "actorLogin": "alexginsca",
                            "actorResourcePath": "/alexginsca",
                            "actorUrl": "https://github.com/alexginsca",
                            "createdAt": "2020-05-20T14:28:05.924Z",
                            "operationType": "CREATE",
                            "userLogin": null,
                            "userResourcePath": null,
                            "userUrl": null
                        }
                    },
                    {
                        "node": {
                            "action": "org.add_member",
                            "actorLogin": "RodolpheRousselet",
                            "actorResourcePath": "/RodolpheRousselet",
                            "actorUrl": "https://github.com/RodolpheRousselet",
                            "createdAt": "2020-05-11T04:44:16.107Z",
                            "operationType": "CREATE",
                            "userLogin": "HerveNOEL",
                            "userResourcePath": "/HerveNOEL",
                            "userUrl": "https://github.com/HerveNOEL"
                        }
                    },
                    {
                        "node": {
                            "action": "org.invite_member",
                            "actorLogin": "RodolpheRousselet",
                            "actorResourcePath": "/RodolpheRousselet",
                            "actorUrl": "https://github.com/RodolpheRousselet",
                            "createdAt": "2020-05-09T14:17:51.344Z",
                            "operationType": "CREATE",
                            "userLogin": null,
                            "userResourcePath": null,
                            "userUrl": null
                        }
                    },
                    {
                        "node": {
                            "action": "org.add_member",
                            "actorLogin": "damienorset",
                            "actorResourcePath": "/damienorset",
                            "actorUrl": "https://github.com/damienorset",
                            "createdAt": "2020-05-06T09:24:03.815Z",
                            "operationType": "CREATE",
                            "userLogin": "ErkanUlker",
                            "userResourcePath": "/ErkanUlker",
                            "userUrl": "https://github.com/ErkanUlker"
                        }
                    },
                    {
                        "node": {
                            "action": "org.invite_member",
                            "actorLogin": "damienorset",
                            "actorResourcePath": "/damienorset",
                            "actorUrl": "https://github.com/damienorset",
                            "createdAt": "2020-05-06T09:20:01.808Z",
                            "operationType": "CREATE",
                            "userLogin": null,
                            "userResourcePath": null,
                            "userUrl": null
                        }
                    },
                    {
                        "node": {
                            "action": "org.add_member",
                            "actorLogin": "Ivan-Atalante",
                            "actorResourcePath": "/Ivan-Atalante",
                            "actorUrl": "https://github.com/Ivan-Atalante",
                            "createdAt": "2020-05-05T12:31:21.641Z",
                            "operationType": "CREATE",
                            "userLogin": "Mymeric",
                            "userResourcePath": "/Mymeric",
                            "userUrl": "https://github.com/Mymeric"
                        }
                    },
                    {
                        "node": {
                            "action": "org.invite_member",
                            "actorLogin": "Ivan-Atalante",
                            "actorResourcePath": "/Ivan-Atalante",
                            "actorUrl": "https://github.com/Ivan-Atalante",
                            "createdAt": "2020-05-05T12:27:21.807Z",
                            "operationType": "CREATE",
                            "userLogin": null,
                            "userResourcePath": null,
                            "userUrl": null
                        }
                    },
                    {
                        "node": {
                            "action": "repo.access",
                            "actorLogin": "Ivan-Atalante",
                            "actorResourcePath": "/Ivan-Atalante",
                            "actorUrl": "https://github.com/Ivan-Atalante",
                            "createdAt": "2020-05-05T12:16:38.591Z",
                            "operationType": "MODIFY",
                            "userLogin": null,
                            "userResourcePath": null,
                            "userUrl": null
                        }
                    },
                    {
                        "node": {
                            "action": "repo.create",
                            "actorLogin": "Ivan-Atalante",
                            "actorResourcePath": "/Ivan-Atalante",
                            "actorUrl": "https://github.com/Ivan-Atalante",
                            "createdAt": "2020-05-05T12:12:15.538Z",
                            "operationType": "CREATE",
                            "userLogin": null,
                            "userResourcePath": null,
                            "userUrl": null
                        }
                    },
                    {
                        "node": {
                            "action": "team.add_member",
                            "actorLogin": "RodolpheRousselet",
                            "actorResourcePath": "/RodolpheRousselet",
                            "actorUrl": "https://github.com/RodolpheRousselet",
                            "createdAt": "2020-05-05T12:11:16.067Z",
                            "operationType": "CREATE",
                            "userLogin": "Ivan-Atalante",
                            "userResourcePath": "/Ivan-Atalante",
                            "userUrl": "https://github.com/Ivan-Atalante"
                        }
                    },
                    {
                        "node": {
                            "action": "org.add_member",
                            "actorLogin": "RodolpheRousselet",
                            "actorResourcePath": "/RodolpheRousselet",
                            "actorUrl": "https://github.com/RodolpheRousselet",
                            "createdAt": "2020-05-05T12:11:15.766Z",
                            "operationType": "CREATE",
                            "userLogin": "Ivan-Atalante",
                            "userResourcePath": "/Ivan-Atalante",
                            "userUrl": "https://github.com/Ivan-Atalante"
                        }
                    },
                    {
                        "node": {
                            "action": "org.add_member",
                            "actorLogin": "RodolpheRousselet",
                            "actorResourcePath": "/RodolpheRousselet",
                            "actorUrl": "https://github.com/RodolpheRousselet",
                            "createdAt": "2020-05-05T09:16:02.288Z",
                            "operationType": "CREATE",
                            "userLogin": "remiparize",
                            "userResourcePath": "/remiparize",
                            "userUrl": "https://github.com/remiparize"
                        }
                    },
                    {
                        "node": {
                            "action": "org.add_member",
                            "actorLogin": "fabricepellerin",
                            "actorResourcePath": "/fabricepellerin",
                            "actorUrl": "https://github.com/fabricepellerin",
                            "createdAt": "2020-05-05T08:20:50.926Z",
                            "operationType": "CREATE",
                            "userLogin": "A709547",
                            "userResourcePath": "/A709547",
                            "userUrl": "https://github.com/A709547"
                        }
                    },
                    {
                        "node": {
                            "action": "org.add_member",
                            "actorLogin": "fabricepellerin",
                            "actorResourcePath": "/fabricepellerin",
                            "actorUrl": "https://github.com/fabricepellerin",
                            "createdAt": "2020-05-05T07:52:11.896Z",
                            "operationType": "CREATE",
                            "userLogin": "zianitay",
                            "userResourcePath": "/zianitay",
                            "userUrl": "https://github.com/zianitay"
                        }
                    },
                    {
                        "node": {
                            "action": "org.invite_member",
                            "actorLogin": "fabricepellerin",
                            "actorResourcePath": "/fabricepellerin",
                            "actorUrl": "https://github.com/fabricepellerin",
                            "createdAt": "2020-05-05T07:48:09.370Z",
                            "operationType": "CREATE",
                            "userLogin": null,
                            "userResourcePath": null,
                            "userUrl": null
                        }
                    },
                    {
                        "node": {
                            "action": "org.invite_member",
                            "actorLogin": "fabricepellerin",
                            "actorResourcePath": "/fabricepellerin",
                            "actorUrl": "https://github.com/fabricepellerin",
                            "createdAt": "2020-05-05T07:47:35.382Z",
                            "operationType": "CREATE",
                            "userLogin": null,
                            "userResourcePath": null,
                            "userUrl": null
                        }
                    },
                    {
                        "node": {
                            "action": "repo.create",
                            "actorLogin": "A709509",
                            "actorResourcePath": "/A709509",
                            "actorUrl": "https://github.com/A709509",
                            "createdAt": "2020-05-05T07:35:02.240Z",
                            "operationType": "CREATE",
                            "userLogin": null,
                            "userResourcePath": null,
                            "userUrl": null
                        }
                    },
                    {
                        "node": {
                            "action": "repo.add_member",
                            "actorLogin": "CNSJ-FRANCE",
                            "actorResourcePath": "/CNSJ-FRANCE",
                            "actorUrl": "https://github.com/CNSJ-FRANCE",
                            "createdAt": "2020-05-05T07:35:01.963Z",
                            "operationType": "CREATE",
                            "userLogin": "A709509",
                            "userResourcePath": "/A709509",
                            "userUrl": "https://github.com/A709509"
                        }
                    },
                    {
                        "node": {
                            "action": "org.remove_member",
                            "actorLogin": "DavidDenjean",
                            "actorResourcePath": "/DavidDenjean",
                            "actorUrl": "https://github.com/DavidDenjean",
                            "createdAt": "2020-05-04T20:51:42.509Z",
                            "operationType": "REMOVE",
                            "userLogin": "DD4v1DD",
                            "userResourcePath": "/DD4v1DD",
                            "userUrl": "https://github.com/DD4v1DD"
                        }
                    },
                    {
                        "node": {
                            "action": "repo.create",
                            "actorLogin": "sigfridhoffmann",
                            "actorResourcePath": "/sigfridhoffmann",
                            "actorUrl": "https://github.com/sigfridhoffmann",
                            "createdAt": "2020-05-04T16:49:08.313Z",
                            "operationType": "CREATE",
                            "userLogin": null,
                            "userResourcePath": null,
                            "userUrl": null
                        }
                    },
                    {
                        "node": {
                            "action": "repo.create",
                            "actorLogin": "RodolpheRousselet",
                            "actorResourcePath": "/RodolpheRousselet",
                            "actorUrl": "https://github.com/RodolpheRousselet",
                            "createdAt": "2020-05-04T15:09:53.293Z",
                            "operationType": "CREATE",
                            "userLogin": null,
                            "userResourcePath": null,
                            "userUrl": null
                        }
                    },
                    {
                        "node": {
                            "action": "org.add_member",
                            "actorLogin": "DavidDenjean",
                            "actorResourcePath": "/DavidDenjean",
                            "actorUrl": "https://github.com/DavidDenjean",
                            "createdAt": "2020-05-04T14:36:59.591Z",
                            "operationType": "CREATE",
                            "userLogin": "alexginsca",
                            "userResourcePath": "/alexginsca",
                            "userUrl": "https://github.com/alexginsca"
                        }
                    },
                    {
                        "node": {
                            "action": "org.add_member",
                            "actorLogin": "DavidDenjean",
                            "actorResourcePath": "/DavidDenjean",
                            "actorUrl": "https://github.com/DavidDenjean",
                            "createdAt": "2020-05-04T12:27:54.497Z",
                            "operationType": "CREATE",
                            "userLogin": "fabricepellerin",
                            "userResourcePath": "/fabricepellerin",
                            "userUrl": "https://github.com/fabricepellerin"
                        }
                    },
                    {
                        "node": {
                            "action": "org.update_default_repository_permission",
                            "actorLogin": "RodolpheRousselet",
                            "actorResourcePath": "/RodolpheRousselet",
                            "actorUrl": "https://github.com/RodolpheRousselet",
                            "createdAt": "2020-05-04T11:45:31.481Z",
                            "operationType": "MODIFY",
                            "userLogin": null,
                            "userResourcePath": null,
                            "userUrl": null
                        }
                    },
                    {
                        "node": {
                            "action": "org.add_member",
                            "actorLogin": "RodolpheRousselet",
                            "actorResourcePath": "/RodolpheRousselet",
                            "actorUrl": "https://github.com/RodolpheRousselet",
                            "createdAt": "2020-05-04T11:17:46.684Z",
                            "operationType": "CREATE",
                            "userLogin": "EricMoncet",
                            "userResourcePath": "/EricMoncet",
                            "userUrl": "https://github.com/EricMoncet"
                        }
                    },
                    {
                        "node": {
                            "action": "org.invite_member",
                            "actorLogin": "RodolpheRousselet",
                            "actorResourcePath": "/RodolpheRousselet",
                            "actorUrl": "https://github.com/RodolpheRousselet",
                            "createdAt": "2020-05-04T10:58:08.922Z",
                            "operationType": "CREATE",
                            "userLogin": null,
                            "userResourcePath": null,
                            "userUrl": null
                        }
                    },
                    {
                        "node": {
                            "action": "repo.create",
                            "actorLogin": "RodolpheRousselet",
                            "actorResourcePath": "/RodolpheRousselet",
                            "actorUrl": "https://github.com/RodolpheRousselet",
                            "createdAt": "2020-05-04T10:56:23.713Z",
                            "operationType": "CREATE",
                            "userLogin": null,
                            "userResourcePath": null,
                            "userUrl": null
                        }
                    },
                    {
                        "node": {
                            "action": "org.add_member",
                            "actorLogin": "RodolpheRousselet",
                            "actorResourcePath": "/RodolpheRousselet",
                            "actorUrl": "https://github.com/RodolpheRousselet",
                            "createdAt": "2020-05-04T10:31:19.344Z",
                            "operationType": "CREATE",
                            "userLogin": "bourliam",
                            "userResourcePath": "/bourliam",
                            "userUrl": "https://github.com/bourliam"
                        }
                    },
                    {
                        "node": {
                            "action": "org.invite_member",
                            "actorLogin": "RodolpheRousselet",
                            "actorResourcePath": "/RodolpheRousselet",
                            "actorUrl": "https://github.com/RodolpheRousselet",
                            "createdAt": "2020-05-04T10:30:17.457Z",
                            "operationType": "CREATE",
                            "userLogin": null,
                            "userResourcePath": null,
                            "userUrl": null
                        }
                    },
                    {
                        "node": {
                            "action": "org.invite_member",
                            "actorLogin": "RodolpheRousselet",
                            "actorResourcePath": "/RodolpheRousselet",
                            "actorUrl": "https://github.com/RodolpheRousselet",
                            "createdAt": "2020-05-04T10:29:26.727Z",
                            "operationType": "CREATE",
                            "userLogin": null,
                            "userResourcePath": null,
                            "userUrl": null
                        }
                    },
                    {
                        "node": {
                            "action": "org.add_member",
                            "actorLogin": "damienorset",
                            "actorResourcePath": "/damienorset",
                            "actorUrl": "https://github.com/damienorset",
                            "createdAt": "2020-05-04T09:37:51.024Z",
                            "operationType": "CREATE",
                            "userLogin": "A709509",
                            "userResourcePath": "/A709509",
                            "userUrl": "https://github.com/A709509"
                        }
                    },
                    {
                        "node": {
                            "action": "org.invite_member",
                            "actorLogin": "damienorset",
                            "actorResourcePath": "/damienorset",
                            "actorUrl": "https://github.com/damienorset",
                            "createdAt": "2020-05-04T09:20:01.568Z",
                            "operationType": "CREATE",
                            "userLogin": null,
                            "userResourcePath": null,
                            "userUrl": null
                        }
                    },
                    {
                        "node": {
                            "action": "org.remove_member",
                            "actorLogin": "damienorset",
                            "actorResourcePath": "/damienorset",
                            "actorUrl": "https://github.com/damienorset",
                            "createdAt": "2020-05-04T09:19:40.065Z",
                            "operationType": "REMOVE",
                            "userLogin": "guizmo2000",
                            "userResourcePath": "/guizmo2000",
                            "userUrl": "https://github.com/guizmo2000"
                        }
                    },
                    {
                        "node": {
                            "action": "org.add_member",
                            "actorLogin": "damienorset",
                            "actorResourcePath": "/damienorset",
                            "actorUrl": "https://github.com/damienorset",
                            "createdAt": "2020-05-04T09:18:07.320Z",
                            "operationType": "CREATE",
                            "userLogin": "guizmo2000",
                            "userResourcePath": "/guizmo2000",
                            "userUrl": "https://github.com/guizmo2000"
                        }
                    },
                    {
                        "node": {
                            "action": "org.invite_member",
                            "actorLogin": "damienorset",
                            "actorResourcePath": "/damienorset",
                            "actorUrl": "https://github.com/damienorset",
                            "createdAt": "2020-05-04T09:01:12.450Z",
                            "operationType": "CREATE",
                            "userLogin": null,
                            "userResourcePath": null,
                            "userUrl": null
                        }
                    },
                    {
                        "node": {
                            "action": "org.add_member",
                            "actorLogin": "DavidDenjean",
                            "actorResourcePath": "/DavidDenjean",
                            "actorUrl": "https://github.com/DavidDenjean",
                            "createdAt": "2020-05-04T09:00:34.613Z",
                            "operationType": "CREATE",
                            "userLogin": "damienorset",
                            "userResourcePath": "/damienorset",
                            "userUrl": "https://github.com/damienorset"
                        }
                    },
                    {
                        "node": {
                            "action": "org.invite_member",
                            "actorLogin": "DavidDenjean",
                            "actorResourcePath": "/DavidDenjean",
                            "actorUrl": "https://github.com/DavidDenjean",
                            "createdAt": "2020-05-03T21:53:31.420Z",
                            "operationType": "CREATE",
                            "userLogin": null,
                            "userResourcePath": null,
                            "userUrl": null
                        }
                    },
                    {
                        "node": {
                            "action": "org.invite_member",
                            "actorLogin": "DavidDenjean",
                            "actorResourcePath": "/DavidDenjean",
                            "actorUrl": "https://github.com/DavidDenjean",
                            "createdAt": "2020-05-03T21:53:31.331Z",
                            "operationType": "CREATE",
                            "userLogin": null,
                            "userResourcePath": null,
                            "userUrl": null
                        }
                    },
                    {
                        "node": {
                            "action": "org.invite_member",
                            "actorLogin": "DavidDenjean",
                            "actorResourcePath": "/DavidDenjean",
                            "actorUrl": "https://github.com/DavidDenjean",
                            "createdAt": "2020-05-03T21:53:31.242Z",
                            "operationType": "CREATE",
                            "userLogin": null,
                            "userResourcePath": null,
                            "userUrl": null
                        }
                    },
                    {
                        "node": {
                            "action": "org.invite_member",
                            "actorLogin": "DavidDenjean",
                            "actorResourcePath": "/DavidDenjean",
                            "actorUrl": "https://github.com/DavidDenjean",
                            "createdAt": "2020-05-03T21:53:31.131Z",
                            "operationType": "CREATE",
                            "userLogin": null,
                            "userResourcePath": null,
                            "userUrl": null
                        }
                    },
                    {
                        "node": {
                            "action": "org.add_member",
                            "actorLogin": "DD4v1DD",
                            "actorResourcePath": "/DD4v1DD",
                            "actorUrl": "https://github.com/DD4v1DD",
                            "createdAt": "2020-05-03T17:04:39.089Z",
                            "operationType": "CREATE",
                            "userLogin": "jbles",
                            "userResourcePath": "/jbles",
                            "userUrl": "https://github.com/jbles"
                        }
                    },
                    {
                        "node": {
                            "action": "org.add_member",
                            "actorLogin": "RodolpheRousselet",
                            "actorResourcePath": "/RodolpheRousselet",
                            "actorUrl": "https://github.com/RodolpheRousselet",
                            "createdAt": "2020-05-03T11:36:15.121Z",
                            "operationType": "CREATE",
                            "userLogin": "ElianHerby",
                            "userResourcePath": "/ElianHerby",
                            "userUrl": "https://github.com/ElianHerby"
                        }
                    },
                    {
                        "node": {
                            "action": "org.invite_member",
                            "actorLogin": "RodolpheRousselet",
                            "actorResourcePath": "/RodolpheRousselet",
                            "actorUrl": "https://github.com/RodolpheRousselet",
                            "createdAt": "2020-05-03T11:26:24.773Z",
                            "operationType": "CREATE",
                            "userLogin": null,
                            "userResourcePath": null,
                            "userUrl": null
                        }
                    },
                    {
                        "node": {
                            "action": "team.add_member",
                            "actorLogin": "RodolpheRousselet",
                            "actorResourcePath": "/RodolpheRousselet",
                            "actorUrl": "https://github.com/RodolpheRousselet",
                            "createdAt": "2020-05-02T16:09:37.385Z",
                            "operationType": "CREATE",
                            "userLogin": "RodolpheRousselet",
                            "userResourcePath": "/RodolpheRousselet",
                            "userUrl": "https://github.com/RodolpheRousselet"
                        }
                    },
                    {
                        "node": {
                            "action": "org.invite_member",
                            "actorLogin": "RodolpheRousselet",
                            "actorResourcePath": "/RodolpheRousselet",
                            "actorUrl": "https://github.com/RodolpheRousselet",
                            "createdAt": "2020-05-02T16:08:07.785Z",
                            "operationType": "CREATE",
                            "userLogin": null,
                            "userResourcePath": null,
                            "userUrl": null
                        }
                    },
                    {
                        "node": {
                            "action": "org.add_member",
                            "actorLogin": "DavidDenjean",
                            "actorResourcePath": "/DavidDenjean",
                            "actorUrl": "https://github.com/DavidDenjean",
                            "createdAt": "2020-05-02T13:56:13.811Z",
                            "operationType": "CREATE",
                            "userLogin": "RodolpheRousselet",
                            "userResourcePath": "/RodolpheRousselet",
                            "userUrl": "https://github.com/RodolpheRousselet"
                        }
                    },
                    {
                        "node": {
                            "action": "oauth_application.create",
                            "actorLogin": "sigfridhoffmann",
                            "actorResourcePath": "/sigfridhoffmann",
                            "actorUrl": "https://github.com/sigfridhoffmann",
                            "createdAt": "2020-05-02T06:50:34.711Z",
                            "operationType": "CREATE",
                            "userLogin": null,
                            "userResourcePath": null,
                            "userUrl": null
                        }
                    },
                    {
                        "node": {
                            "action": "org.invite_member",
                            "actorLogin": "DavidDenjean",
                            "actorResourcePath": "/DavidDenjean",
                            "actorUrl": "https://github.com/DavidDenjean",
                            "createdAt": "2020-04-29T21:13:29.238Z",
                            "operationType": "CREATE",
                            "userLogin": null,
                            "userResourcePath": null,
                            "userUrl": null
                        }
                    },
                    {
                        "node": {
                            "action": "org.add_member",
                            "actorLogin": "DD4v1DD",
                            "actorResourcePath": "/DD4v1DD",
                            "actorUrl": "https://github.com/DD4v1DD",
                            "createdAt": "2020-04-29T17:39:05.257Z",
                            "operationType": "CREATE",
                            "userLogin": "sigfridhoffmann",
                            "userResourcePath": "/sigfridhoffmann",
                            "userUrl": "https://github.com/sigfridhoffmann"
                        }
                    },
                    {
                        "node": {
                            "action": "org.update_member",
                            "actorLogin": "DD4v1DD",
                            "actorResourcePath": "/DD4v1DD",
                            "actorUrl": "https://github.com/DD4v1DD",
                            "createdAt": "2020-04-29T17:30:31.079Z",
                            "operationType": "MODIFY",
                            "userLogin": "DavidDenjean",
                            "userResourcePath": "/DavidDenjean",
                            "userUrl": "https://github.com/DavidDenjean"
                        }
                    },
                    {
                        "node": {
                            "action": "org.add_member",
                            "actorLogin": "DD4v1DD",
                            "actorResourcePath": "/DD4v1DD",
                            "actorUrl": "https://github.com/DD4v1DD",
                            "createdAt": "2020-04-29T17:29:17.993Z",
                            "operationType": "CREATE",
                            "userLogin": "DavidDenjean",
                            "userResourcePath": "/DavidDenjean",
                            "userUrl": "https://github.com/DavidDenjean"
                        }
                    },
                    {
                        "node": {
                            "action": "org.invite_member",
                            "actorLogin": "DD4v1DD",
                            "actorResourcePath": "/DD4v1DD",
                            "actorUrl": "https://github.com/DD4v1DD",
                            "createdAt": "2020-04-29T17:27:46.586Z",
                            "operationType": "CREATE",
                            "userLogin": null,
                            "userResourcePath": null,
                            "userUrl": null
                        }
                    },
                    {
                        "node": {
                            "action": "org.invite_member",
                            "actorLogin": "DD4v1DD",
                            "actorResourcePath": "/DD4v1DD",
                            "actorUrl": "https://github.com/DD4v1DD",
                            "createdAt": "2020-04-29T17:27:46.463Z",
                            "operationType": "CREATE",
                            "userLogin": null,
                            "userResourcePath": null,
                            "userUrl": null
                        }
                    },
                    {
                        "node": {
                            "action": "org.invite_member",
                            "actorLogin": "DD4v1DD",
                            "actorResourcePath": "/DD4v1DD",
                            "actorUrl": "https://github.com/DD4v1DD",
                            "createdAt": "2020-04-29T17:27:46.337Z",
                            "operationType": "CREATE",
                            "userLogin": null,
                            "userResourcePath": null,
                            "userUrl": null
                        }
                    },
                    {
                        "node": {
                            "action": "org.add_member",
                            "actorLogin": "A163356",
                            "actorResourcePath": "/A163356",
                            "actorUrl": "https://github.com/A163356",
                            "createdAt": "2020-04-29T17:20:29.305Z",
                            "operationType": "CREATE",
                            "userLogin": "DD4v1DD",
                            "userResourcePath": "/DD4v1DD",
                            "userUrl": "https://github.com/DD4v1DD"
                        }
                    },
                    {
                        "node": {
                            "action": "org.invite_member",
                            "actorLogin": "A163356",
                            "actorResourcePath": "/A163356",
                            "actorUrl": "https://github.com/A163356",
                            "createdAt": "2020-04-29T17:13:33.598Z",
                            "operationType": "CREATE",
                            "userLogin": null,
                            "userResourcePath": null,
                            "userUrl": null
                        }
                    },
                    {
                        "node": {
                            "action": "org.create",
                            "actorLogin": "A163356",
                            "actorResourcePath": "/A163356",
                            "actorUrl": "https://github.com/A163356",
                            "createdAt": "2020-04-29T17:08:00.005Z",
                            "operationType": "CREATE",
                            "userLogin": null,
                            "userResourcePath": null,
                            "userUrl": null
                        }
                    },
                    {
                        "node": {
                            "action": "org.add_member",
                            "actorLogin": "A163356",
                            "actorResourcePath": "/A163356",
                            "actorUrl": "https://github.com/A163356",
                            "createdAt": "2020-04-29T17:07:59.850Z",
                            "operationType": "CREATE",
                            "userLogin": "A163356",
                            "userResourcePath": "/A163356",
                            "userUrl": "https://github.com/A163356"
                        }
                    }
                ]
            }
        }
    }
}